kind	name	pattern	present	nonempty
required_field	阶段	阶段：	True	True
required_field	状态	状态：	True	True
required_field	开始时间	开始时间：	True	True
required_field	结束时间	结束时间：	True	True
required_field	使用环境	使用环境：	True	True
required_field	使用代码	使用代码：	True	True
required_field	官方/重新实现	官方/重新实现：	True	True
required_field	Git commit	Git commit：	True	True
required_field	配置	配置：	True	True
required_field	执行命令	执行命令：	True	True
required_field	GPU	GPU：	True	True
required_field	峰值显存	峰值显存：	True	True
required_field	平均 GPU-Util	平均 GPU-Util：	True	True
required_field	平均功耗	平均功耗：	True	True
required_field	运行时间	运行时间：	True	True
required_field	输出文件	输出文件：	True	True
required_field	主要指标	主要指标：	True	True
required_field	与论文一致性	与论文一致性：	True	True
required_field	发现的差异	发现的差异：	True	True
required_field	失败与风险	失败与风险：	True	True
required_field	下一阶段	下一阶段：	True	True
progress_marker	local_inventory	local inventory has 653 rows	True	True
progress_marker	released_figures	released-data summary has 13 figure rows	True	True
progress_marker	adaptive_sampling_discrepancy	Adaptive-sampling discrepancy evidence	True	True
progress_marker	level_b_tracking	Level B Tracking Notes	True	True
progress_marker	core_math_tests	Master audit result after adding core math unit-test evidence	True	True
progress_marker	bm_diffusion_env	Master audit result after adding `bm_diffusion` environment evidence	True	True
progress_marker	gpu_resource	Master audit result after adding GPU resource monitoring evidence	True	True
progress_marker	run_management	Master audit result after adding run-management schema evidence	True	True
progress_marker	reimplementation_package	Master audit result after adding reimplementation package evidence	True	True
progress_marker	resolved_config	Master audit result after adding resolved config evidence	True	True
progress_marker	failed_run_retention	Master audit result after adding failed-run retention evidence	True	True
progress_marker	artifact_manifest	Master audit result after adding artifact manifest evidence	True	True
progress_marker	experiment_protocol	Master audit result after adding experiment protocol evidence	True	True
progress_marker	readme	Master audit result after adding README evidence	True	True
progress_marker	goal_report_path	Master audit result after adding direct goal-report evidence	True	True
progress_marker	final_report_requirements	Master audit result after adding final-report requirement evidence	True	True
progress_marker	final_deliverables	Master audit result after adding final deliverables evidence	True	True
progress_update_file	20260618_163028_baseline_gitignore_and_report_plan.md	# Progress Update|## Goal|## Files Read|## Files Modified|## Commands Run|## Results|## Verification|## Failed / Blocked Items|## Effect on English Reading Report|## Next Step|## Git Commit	True	True
progress_update_file	20260618_165051_isaaclab_live_gate_probe.md	# Progress Update|## Goal|## Files Read|## Files Modified|## Commands Run|## Results|## Verification|## Failed / Blocked Items|## Effect on English Reading Report|## Next Step|## Git Commit	True	True
progress_update_file	20260618_170858_vulkan_egl_icd_and_cuda_p2p_gate.md	# Progress Update|## Goal|## Files Read|## Files Modified|## Commands Run|## Results|## Verification|## Failed / Blocked Items|## Effect on English Reading Report|## Next Step|## Git Commit	True	True
progress_update_file	20260618_172145_cuda_p2p_iommu_gate_refinement.md	# Progress Update|## Goal|## Files Read|## Files Modified|## Commands Run|## Results|## Verification|## Failed / Blocked Items|## Effect on English Reading Report|## Next Step|## Git Commit	True	True
progress_update_file	20260618_173239_gpu_foundation_settings_surface.md	# Progress Update|## Goal|## Files Read|## Files Modified|## Commands Run|## Results|## Verification|## Failed / Blocked Items|## Effect on English Reading Report|## Next Step|## Git Commit	True	True
progress_update_file	20260618_175306_isaaclab_live_gate_and_replay_preflight.md	# Progress Update|## Goal|## Files Read|## Files Modified|## Commands Run|## Results|## Verification|## Failed / Blocked Items|## Effect on English Reading Report|## Next Step|## Git Commit	True	True
progress_update_file	20260618_181859_official_replay_conversion_attempt.md	# Progress Update|## Goal|## Files Read|## Files Modified|## Commands Run|## Results|## Verification|## Failed / Blocked Items|## Effect on English Reading Report|## Next Step|## Git Commit	True	True
progress_update_file	20260618_183003_urdf_conversion_probe.md	# Progress Update|## Goal|## Files Read|## Files Modified|## Commands Run|## Results|## Verification|## Failed / Blocked Items|## Effect on English Reading Report|## Next Step|## Git Commit	True	True
progress_update_file	20260618_185446_urdf_path_tiny_probe.md	# Progress Update|## Goal|## Files Read|## Files Modified|## Commands Run|## Results|## Verification|## Failed / Blocked Items|## Effect on English Reading Report|## Next Step|## Git Commit	True	True
progress_update_file	20260618_190541_mjcf_stage_probe.md	# Progress Update|## Goal|## Files Read|## Files Modified|## Commands Run|## Results|## Verification|## Failed / Blocked Items|## Effect on English Reading Report|## Next Step|## Git Commit	True	True
progress_update_file	20260618_191414_usd_save_policy_probe.md	# Progress Update|## Goal|## Files Read|## Files Modified|## Commands Run|## Results|## Verification|## Failed / Blocked Items|## Effect on English Reading Report|## Next Step|## Git Commit	True	True
progress_update_file	20260618_192757_simulationapp_save_policy_probe.md	# Progress Update|## Goal|## Files Read|## Files Modified|## Commands Run|## Results|## Verification|## Failed / Blocked Items|## Effect on English Reading Report|## Next Step|## Git Commit	True	True
progress_update_file	20260618_194457_usd_stage_export_workaround.md	# Progress Update|## Goal|## Files Read|## Files Modified|## Commands Run|## Results|## Verification|## Failed / Blocked Items|## Effect on English Reading Report|## Next Step|## Git Commit	True	True
progress_update_file	20260618_195555_g1_urdf_stage_export_workaround.md	# Progress Update|## Goal|## Files Read|## Files Modified|## Commands Run|## Results|## Verification|## Failed / Blocked Items|## Effect on English Reading Report|## Next Step|## Git Commit	True	True
progress_update_file	20260618_201452_g1_urdf_layer_save_workaround.md	# Progress Update|## Goal|## Files Read|## Files Modified|## Commands Run|## Results|## Verification|## Failed / Blocked Items|## Effect on English Reading Report|## Next Step|## Git Commit	True	True
progress_update_file	20260618_204005_g1_urdf_in_memory_import.md	# Progress Update|## Goal|## Files Read|## Files Modified|## Commands Run|## Results|## Verification|## Failed / Blocked Items|## Effect on English Reading Report|## Next Step|## Git Commit	True	True
progress_update_file	20260618_205623_g1_simulationapp_in_memory_import.md	# Progress Update|## Goal|## Files Read|## Files Modified|## Commands Run|## Results|## Verification|## Failed / Blocked Items|## Effect on English Reading Report|## Next Step|## Git Commit	True	True
progress_update_file	20260618_210850_g1_in_memory_variant_matrix.md	# Progress Update|## Goal|## Files Read|## Files Modified|## Commands Run|## Results|## Verification|## Failed / Blocked Items|## Effect on English Reading Report|## Next Step|## Git Commit	True	True
progress_update_file	20260618_212122_g1_preconverted_asset_audit.md	# Progress Update|## Goal|## Files Read|## Files Modified|## Commands Run|## Results|## Verification|## Failed / Blocked Items|## Effect on English Reading Report|## Next Step|## Git Commit	True	True
progress_update_file	20260618_213302_g1_reference_usd_compatibility.md	# Progress Update|## Goal|## Files Read|## Files Modified|## Commands Run|## Results|## Verification|## Failed / Blocked Items|## Effect on English Reading Report|## Next Step|## Git Commit	True	True
progress_update_file	20260618_215000_g1_official_urdf_skeleton_usd.md	# Progress Update|## Goal|## Files Read|## Files Modified|## Commands Run|## Results|## Verification|## Failed / Blocked Items|## Effect on English Reading Report|## Next Step|## Git Commit	True	True
progress_update_file	20260618_220827_g1_urdf_physical_asset_contract.md	# Progress Update|## Goal|## Files Read|## Files Modified|## Commands Run|## Results|## Verification|## Failed / Blocked Items|## Effect on English Reading Report|## Next Step|## Git Commit	True	True
progress_update_file	20260618_222042_g1_resource_adjusted_enriched_usd.md	# Progress Update|## Goal|## Files Read|## Files Modified|## Commands Run|## Results|## Verification|## Failed / Blocked Items|## Effect on English Reading Report|## Next Step|## Git Commit	True	True
progress_update_file	20260618_224743_enriched_usd_replay_gate.md	# Progress Update|## Goal|## Files Read|## Files Modified|## Commands Run|## Results|## Verification|## Failed / Blocked Items|## Effect on English Reading Report|## Next Step|## Git Commit	True	True
progress_update_file	20260618_225219_enriched_gate_explicit_exit.md	# Progress Update|## Goal|## Files Read|## Files Modified|## Commands Run|## Results|## Verification|## Failed / Blocked Items|## Effect on English Reading Report|## Next Step|## Git Commit	True	True
progress_update_file	20260618_225812_enriched_bounded_replay_metrics.md	# Progress Update|## Goal|## Files Read|## Files Modified|## Commands Run|## Results|## Verification|## Failed / Blocked Items|## Effect on English Reading Report|## Next Step|## Git Commit	True	True
progress_update_file	20260618_231035_resource_adjusted_task_smoke.md	# Progress Update|## Goal|## Files Read|## Files Modified|## Commands Run|## Results|## Verification|## Failed / Blocked Items|## Effect on English Reading Report|## Next Step|## Git Commit	True	True
progress_update_file	20260619_001351_resource_adjusted_full_fixture_eval.md	# Progress Update|## Goal|## Files Read|## Files Modified|## Commands Run|## Results|## Verification|## Failed / Blocked Items|## Effect on English Reading Report|## Next Step|## Git Commit	True	True
progress_update_file	20260619_003039_resource_adjusted_csv_replay.md	# Progress Update|## Goal|## Files Read|## Files Modified|## Commands Run|## Results|## Verification|## Failed / Blocked Items|## Effect on English Reading Report|## Next Step|## Git Commit	True	True
progress_update_file	20260619_004056_resource_adjusted_csv_task_eval.md	# Progress Update|## Goal|## Files Read|## Files Modified|## Commands Run|## Results|## Verification|## Failed / Blocked Items|## Effect on English Reading Report|## Next Step|## Git Commit	True	True
progress_update_file	20260619_005657_resource_adjusted_train_entry_diagnostic.md	# Progress Update|## Goal|## Files Read|## Files Modified|## Commands Run|## Results|## Verification|## Failed / Blocked Items|## Effect on English Reading Report|## Next Step|## Git Commit	True	True
progress_update_file	20260619_010644_blocked_gate_state_correction.md	# Progress Update|## Goal|## Files Read|## Files Modified|## Commands Run|## Results|## Verification|## Failed / Blocked Items|## Effect on English Reading Report|## Next Step|## Git Commit	True	True
progress_update_file	20260619_012123_g1_urdf_source_equivalence.md	# Progress Update|## Goal|## Files Read|## Files Modified|## Commands Run|## Results|## Verification|## Failed / Blocked Items|## Effect on English Reading Report|## Next Step|## Git Commit	True	True
progress_update_file	20260619_013245_official_replay_entry_diagnostic.md	# Progress Update|## Goal|## Files Read|## Files Modified|## Commands Run|## Results|## Verification|## Failed / Blocked Items|## Effect on English Reading Report|## Next Step|## Git Commit	True	True
progress_update_file	20260619_020706_g1_import_config_probe.md	# Progress Update|## Goal|## Files Read|## Files Modified|## Commands Run|## Results|## Verification|## Failed / Blocked Items|## Effect on English Reading Report|## Next Step|## Git Commit	True	True
progress_update_file	20260619_021821_resource_adjusted_ppo_harness.md	# Progress Update|## Goal|## Files Read|## Files Modified|## Commands Run|## Results|## Verification|## Failed / Blocked Items|## Effect on English Reading Report|## Next Step|## Git Commit	True	True
progress_update_file	20260619_042556_resource_adjusted_ppo_checkpoint_eval.md	# Progress Update|## Goal|## Files Read|## Files Modified|## Commands Run|## Results|## Verification|## Failed / Blocked Items|## Effect on English Reading Report|## Next Step|## Git Commit	True	True
progress_update_file	20260619_045331_resource_adjusted_teacher_rollout_dataset.md	# Progress Update|## Goal|## Files Read|## Files Modified|## Commands Run|## Results|## Verification|## Failed / Blocked Items|## Effect on English Reading Report|## Next Step|## Git Commit	True	True
progress_update_file	20260619_050453_current_isaaclab_headless_gate.md	# Progress Update|## Goal|## Files Read|## Files Modified|## Commands Run|## Results|## Verification|## Failed / Blocked Items|## Effect on English Reading Report|## Next Step|## Git Commit	True	True
progress_update_file	20260619_051324_official_replay_entry_gpu4.md	# Progress Update|## Goal|## Files Read|## Files Modified|## Commands Run|## Results|## Verification|## Failed / Blocked Items|## Effect on English Reading Report|## Next Step|## Git Commit	True	True
progress_update_file	20260619_053608_resource_adjusted_teacher_rollout_vae.md	# Progress Update|## Goal|## Files Read|## Files Modified|## Commands Run|## Results|## Verification|## Failed / Blocked Items|## Effect on English Reading Report|## Next Step|## Git Commit	True	True
progress_update_file	20260619_055350_resource_adjusted_state_latent_diffusion.md	# Progress Update|## Goal|## Files Read|## Files Modified|## Commands Run|## Results|## Verification|## Failed / Blocked Items|## Effect on English Reading Report|## Next Step|## Git Commit	True	True
progress_update_file	20260619_060814_resource_adjusted_state_latent_guidance.md	# Progress Update|## Goal|## Files Read|## Files Modified|## Commands Run|## Results|## Verification|## Failed / Blocked Items|## Effect on English Reading Report|## Next Step|## Git Commit	True	True
progress_update_file	20260619_062522_official_replay_loop_patch.md	# Progress Update|## Goal|## Files Read|## Files Modified|## Commands Run|## Results|## Verification|## Failed / Blocked Items|## Effect on English Reading Report|## Next Step|## Git Commit	True	True
progress_update_file	20260619_063927_official_csv_to_npz_loop_patch.md	# Progress Update|## Goal|## Files Read|## Files Modified|## Commands Run|## Results|## Verification|## Failed / Blocked Items|## Effect on English Reading Report|## Next Step|## Git Commit	True	True
progress_update_file	20260619_110613_official_csv_loop_ppo_training_eval.md	# Progress Update|## Goal|## Files Read|## Files Modified|## Commands Run|## Results|## Verification|## Failed / Blocked Items|## Effect on English Reading Report|## Next Step|## Git Commit	True	True
progress_update_file	20260619_113142_official_csv_loop_teacher_rollout.md	# Progress Update|## Goal|## Files Read|## Files Modified|## Commands Run|## Results|## Verification|## Failed / Blocked Items|## Effect on English Reading Report|## Next Step|## Git Commit	True	True
progress_update_file	20260619_114318_official_csv_loop_teacher_rollout_vae.md	# Progress Update|## Goal|## Files Read|## Files Modified|## Commands Run|## Results|## Verification|## Failed / Blocked Items|## Effect on English Reading Report|## Next Step|## Git Commit	True	True
progress_update_file	20260619_115739_official_csv_loop_state_latent_diffusion.md	# Progress Update|## Goal|## Files Read|## Files Modified|## Commands Run|## Results|## Verification|## Failed / Blocked Items|## Effect on English Reading Report|## Next Step|## Git Commit	True	True
progress_update_file	20260619_120655_official_csv_loop_guidance_eval.md	# Progress Update|## Goal|## Files Read|## Files Modified|## Commands Run|## Results|## Verification|## Failed / Blocked Items|## Effect on English Reading Report|## Next Step|## Git Commit	True	True
progress_update_file	20260619_121423_english_reading_report.md	# Progress Update|## Goal|## Files Read|## Files Modified|## Commands Run|## Results|## Verification|## Failed / Blocked Items|## Effect on English Reading Report|## Next Step|## Git Commit	True	True
progress_update_file	20260619_122522_guided_decode_report_assets.md	# Progress Update|## Goal|## Files Read|## Files Modified|## Commands Run|## Results|## Verification|## Failed / Blocked Items|## Effect on English Reading Report|## Next Step|## Git Commit	True	True
progress_update_file	20260619_124849_headless_replay_gpu47_task_eval.md	# Progress Update|## Goal|## Files Read|## Files Modified|## Commands Run|## Results|## Verification|## Failed / Blocked Items|## Effect on English Reading Report|## Next Step|## Git Commit	True	True
progress_update_file	20260619_125626_ppo_eval_report_assets.md	# Progress Update|## Goal|## Files Read|## Files Modified|## Commands Run|## Results|## Verification|## Failed / Blocked Items|## Effect on English Reading Report|## Next Step|## Git Commit	True	True
progress_update_file	20260619_131539_reference_replay_visual_asset.md	# Progress Update|## Goal|## Files Read|## Files Modified|## Commands Run|## Results|## Verification|## Failed / Blocked Items|## Effect on English Reading Report|## Next Step|## Git Commit	True	True
progress_update_file	20260619_132352_teacher_rollout_report_assets.md	# Progress Update|## Goal|## Files Read|## Files Modified|## Commands Run|## Results|## Verification|## Failed / Blocked Items|## Effect on English Reading Report|## Next Step|## Git Commit	True	True
progress_update_file	20260619_134243_policy_rollout_video_capture.md	# Progress Update|## Goal|## Files Read|## Files Modified|## Commands Run|## Results|## Verification|## Failed / Blocked Items|## Effect on English Reading Report|## Next Step|## Git Commit	True	True
progress_update_file	20260619_140409_guided_action_rollout_probe.md	# Progress Update|## Goal|## Files Read|## Files Modified|## Commands Run|## Results|## Verification|## Failed / Blocked Items|## Effect on English Reading Report|## Next Step|## Git Commit	True	True
progress_update_file	20260619_144607_vae_closed_loop_rollout_eval.md	# Progress Update|## Goal|## Files Read|## Files Modified|## Commands Run|## Results|## Verification|## Failed / Blocked Items|## Effect on English Reading Report|## Next Step|## Git Commit	True	True
progress_update_file	20260619_150403_vae_closed_loop_video_asset.md	# Progress Update|## Goal|## Files Read|## Files Modified|## Commands Run|## Results|## Verification|## Failed / Blocked Items|## Effect on English Reading Report|## Next Step|## Git Commit	True	True
progress_update_file	20260619_152640_action_guidance_rollout.md	# Progress Update|## Goal|## Files Read|## Files Modified|## Commands Run|## Results|## Verification|## Failed / Blocked Items|## Effect on English Reading Report|## Next Step|## Git Commit	True	True
progress_update_file	20260619_153439_environment_reproduction_status.md	# Progress Update|## Goal|## Files Read|## Files Modified|## Commands Run|## Results|## Verification|## Failed / Blocked Items|## Effect on English Reading Report|## Next Step|## Git Commit	True	True
progress_update_file	20260619_155833_receding_latent_guidance_rollout.md	# Progress Update|## Goal|## Files Read|## Files Modified|## Commands Run|## Results|## Verification|## Failed / Blocked Items|## Effect on English Reading Report|## Next Step|## Git Commit	True	True
progress_update_file	20260619_164442_task_conditioned_guidance_rollouts.md	# Progress Update|## Goal|## Files Read|## Files Modified|## Commands Run|## Results|## Verification|## Failed / Blocked Items|## Effect on English Reading Report|## Next Step|## Git Commit	True	True
progress_update_file	20260619_165242_task_conditioned_report_assets.md	# Progress Update|## Goal|## Files Read|## Files Modified|## Commands Run|## Results|## Verification|## Failed / Blocked Items|## Effect on English Reading Report|## Next Step|## Git Commit	True	True
progress_update_file	20260619_170528_onnx_async_deployment_audit.md	# Progress Update|## Goal|## Files Read|## Files Modified|## Commands Run|## Results|## Verification|## Failed / Blocked Items|## Effect on English Reading Report|## Next Step|## Git Commit	True	True
progress_update_file	20260619_175558_official_csv_loop_multiseed_eval.md	# Progress Update|## Goal|## Files Read|## Files Modified|## Commands Run|## Results|## Verification|## Failed / Blocked Items|## Effect on English Reading Report|## Next Step|## Git Commit	True	True
progress_update_file	20260619_192353_task_conditioned_guidance_multiseed.md	# Progress Update|## Goal|## Files Read|## Files Modified|## Commands Run|## Results|## Verification|## Failed / Blocked Items|## Effect on English Reading Report|## Next Step|## Git Commit	True	True
progress_update_file	20260619_202806_full_official_csv_loop_conversion.md	# Progress Update|## Goal|## Files Read|## Files Modified|## Commands Run|## Results|## Verification|## Failed / Blocked Items|## Effect on English Reading Report|## Next Step|## Git Commit	True	True
progress_update_file	20260619_212556_full_official_replay_loop_conversion.md	# Progress Update|## Goal|## Files Read|## Files Modified|## Commands Run|## Results|## Verification|## Failed / Blocked Items|## Effect on English Reading Report|## Next Step|## Git Commit	True	True
progress_update_file	20260619_230538_full_official_csv_task_eval.md	# Progress Update|## Goal|## Files Read|## Files Modified|## Commands Run|## Results|## Verification|## Failed / Blocked Items|## Effect on English Reading Report|## Next Step|## Git Commit	True	True
progress_update_file	20260620_032848_full_bundle_ppo.md	# Progress Update|## Goal|## Files Read|## Files Modified|## Commands Run|## Results|## Verification|## Failed / Blocked Items|## Effect on English Reading Report|## Next Step|## Git Commit	True	True
progress_update_file	20260620_033151_full_bundle_policy_rollout_video.md	# Progress Update|## Goal|## Files Read|## Files Modified|## Commands Run|## Results|## Verification|## Failed / Blocked Items|## Effect on English Reading Report|## Next Step|## Git Commit	True	True
progress_update_file	20260620_035457_full_bundle_teacher_rollout.md	# Progress Update|## Goal|## Files Read|## Files Modified|## Commands Run|## Results|## Verification|## Failed / Blocked Items|## Effect on English Reading Report|## Next Step|## Git Commit	True	True
progress_update_file	20260620_041250_full_bundle_downstream.md	# Progress Update|## Goal|## Files Read|## Files Modified|## Commands Run|## Results|## Verification|## Failed / Blocked Items|## Effect on English Reading Report|## Next Step|## Git Commit	True	True
progress_update_file	20260620_042310_full_bundle_guidance.md	# Progress Update|## Goal|## Files Read|## Files Modified|## Commands Run|## Results|## Verification|## Failed / Blocked Items|## Effect on English Reading Report|## Next Step|## Git Commit	True	True
progress_update_file	20260620_044502_full_bundle_task_conditioned_multiseed.md	# Progress Update|## Goal|## Files Read|## Files Modified|## Commands Run|## Results|## Verification|## Failed / Blocked Items|## Effect on English Reading Report|## Next Step|## Git Commit	True	True
progress_update_file	20260620_045238_guided_vs_unguided_matrix.md	# Progress Update|## Goal|## Files Read|## Files Modified|## Commands Run|## Results|## Verification|## Failed / Blocked Items|## Effect on English Reading Report|## Next Step|## Git Commit	True	True
progress_update_file	20260620_045830_headless_gate_recheck.md	# Progress Update|## Goal|## Files Read|## Files Modified|## Commands Run|## Results|## Verification|## Failed / Blocked Items|## Effect on English Reading Report|## Next Step|## Git Commit	True	True
progress_update_file	20260620_051520_full_bundle_receding_guidance_rollout.md	# Progress Update|## Goal|## Files Read|## Files Modified|## Commands Run|## Results|## Verification|## Failed / Blocked Items|## Effect on English Reading Report|## Next Step|## Git Commit	True	True
progress_update_file	20260620_052245_visual_evidence_index.md	# Progress Update|## Goal|## Files Read|## Files Modified|## Commands Run|## Results|## Verification|## Failed / Blocked Items|## Effect on English Reading Report|## Next Step|## Git Commit	True	True
progress_update_file	20260620_052904_full_bundle_onnx_async.md	# Progress Update|## Goal|## Files Read|## Files Modified|## Commands Run|## Results|## Verification|## Failed / Blocked Items|## Effect on English Reading Report|## Next Step|## Git Commit	True	True
progress_update_file	20260620_061539_full_bundle_task_conditioned_guidance.md	# Progress Update|## Goal|## Files Read|## Files Modified|## Commands Run|## Results|## Verification|## Failed / Blocked Items|## Effect on English Reading Report|## Next Step|## Git Commit	True	True
progress_update_file	20260620_125205_current_environment_and_headless_gate.md	# Progress Update|## Goal|## Files Read|## Files Modified|## Commands Run|## Results|## Verification|## Failed / Blocked Items|## Effect on English Reading Report|## Next Step|## Git Commit	True	True
progress_update_file	20260620_125839_visual_report_appendix.md	# Progress Update|## Goal|## Files Read|## Files Modified|## Commands Run|## Results|## Verification|## Failed / Blocked Items|## Effect on English Reading Report|## Next Step|## Git Commit	True	True
progress_update_file	20260620_140639_full_bundle_guidance_5seed.md	# Progress Update|## Goal|## Files Read|## Files Modified|## Commands Run|## Results|## Verification|## Failed / Blocked Items|## Effect on English Reading Report|## Next Step|## Git Commit	True	True
progress_update_file	20260620_141440_reading_report_5seed_sync.md	# Progress Update|## Goal|## Files Read|## Files Modified|## Commands Run|## Results|## Verification|## Failed / Blocked Items|## Effect on English Reading Report|## Next Step|## Git Commit	True	True
progress_update_file	20260620_142443_guidance_success_boundary.md	# Progress Update|## Goal|## Files Read|## Files Modified|## Commands Run|## Results|## Verification|## Failed / Blocked Items|## Effect on English Reading Report|## Next Step|## Git Commit	True	True
progress_update_file	20260620_143445_guidance_video_contact_sheet.md	# Progress Update|## Goal|## Files Read|## Files Modified|## Commands Run|## Results|## Verification|## Failed / Blocked Items|## Effect on English Reading Report|## Next Step|## Git Commit	True	True
progress_update_file	20260620_145259_g1_urdf_gpu4_export_structure.md	# Progress Update|## Goal|## Files Read|## Files Modified|## Commands Run|## Results|## Verification|## Failed / Blocked Items|## Effect on English Reading Report|## Next Step|## Git Commit	True	True
progress_update_file	20260620_153810_official_importer_export_full_task_eval.md	# Progress Update|## Goal|## Files Read|## Files Modified|## Commands Run|## Results|## Verification|## Failed / Blocked Items|## Effect on English Reading Report|## Next Step|## Git Commit	True	True
progress_update_file	20260620_160442_official_importer_export_ppo.md	# Progress Update|## Goal|## Files Read|## Files Modified|## Commands Run|## Results|## Verification|## Failed / Blocked Items|## Effect on English Reading Report|## Next Step|## Git Commit	True	True
progress_update_file	20260620_162407_official_importer_teacher_rollout.md	# Progress Update|## Goal|## Files Read|## Files Modified|## Commands Run|## Results|## Verification|## Failed / Blocked Items|## Effect on English Reading Report|## Next Step|## Git Commit	True	True
progress_update_file	20260620_163810_official_importer_vae_training.md	# Progress Update|## Goal|## Files Read|## Files Modified|## Commands Run|## Results|## Verification|## Failed / Blocked Items|## Effect on English Reading Report|## Next Step|## Git Commit	True	True
progress_update_file	20260620_170505_official_importer_vae_closed_loop.md	# Progress Update|## Goal|## Files Read|## Files Modified|## Commands Run|## Results|## Verification|## Failed / Blocked Items|## Effect on English Reading Report|## Next Step|## Git Commit	True	True
progress_update_file	20260620_173435_official_importer_downstream_diffusion.md	# Progress Update|## Goal|## Files Read|## Files Modified|## Commands Run|## Results|## Verification|## Failed / Blocked Items|## Effect on English Reading Report|## Next Step|## Git Commit	True	True
progress_update_file	20260620_181652_official_importer_guidance_rollout.md	# Progress Update|## Goal|## Files Read|## Files Modified|## Commands Run|## Results|## Verification|## Failed / Blocked Items|## Effect on English Reading Report|## Next Step|## Git Commit	True	True
progress_update_file	20260620_191948_scaled_importer_ppo.md	# Progress Update|## Goal|## Files Read|## Files Modified|## Commands Run|## Results|## Verification|## Failed / Blocked Items|## Effect on English Reading Report|## Next Step|## Git Commit	True	True
progress_update_file	20260620_194406_scaled_importer_policy_video.md	# Progress Update|## Goal|## Files Read|## Files Modified|## Commands Run|## Results|## Verification|## Failed / Blocked Items|## Effect on English Reading Report|## Next Step|## Git Commit	True	True
progress_update_file	20260620_214830_official_importer_full_loop_replay.md	# Progress Update|## Goal|## Files Read|## Files Modified|## Commands Run|## Results|## Verification|## Failed / Blocked Items|## Effect on English Reading Report|## Next Step|## Git Commit	True	True
progress_update_file	20260620_221706_official_importer_reference_replay_asset.md	# Progress Update|## Goal|## Files Read|## Files Modified|## Commands Run|## Results|## Verification|## Failed / Blocked Items|## Effect on English Reading Report|## Next Step|## Git Commit	True	True
progress_update_file	20260620_230201_importer_export_guidance_multiseed.md	# Progress Update|## Goal|## Files Read|## Files Modified|## Commands Run|## Results|## Verification|## Failed / Blocked Items|## Effect on English Reading Report|## Next Step|## Git Commit	True	True
progress_update_file	20260620_231458_importer_export_contact_sheet.md	# Progress Update|## Goal|## Files Read|## Files Modified|## Commands Run|## Results|## Verification|## Failed / Blocked Items|## Effect on English Reading Report|## Next Step|## Git Commit	True	True
progress_update_file	20260620_233027_importer_export_onnx_async.md	# Progress Update|## Goal|## Files Read|## Files Modified|## Commands Run|## Results|## Verification|## Failed / Blocked Items|## Effect on English Reading Report|## Next Step|## Git Commit	True	True
progress_update_file	20260620_234801_importer_export_success_boundary.md	# Progress Update|## Goal|## Files Read|## Files Modified|## Commands Run|## Results|## Verification|## Failed / Blocked Items|## Effect on English Reading Report|## Next Step|## Git Commit	True	True
progress_update_file	20260620_235800_english_report_success_boundary.md	# Progress Update|## Goal|## Files Read|## Files Modified|## Commands Run|## Results|## Verification|## Failed / Blocked Items|## Effect on English Reading Report|## Next Step|## Git Commit	True	True
progress_update_file	20260621_001717_fig56_proxy_matrix.md	# Progress Update|## Goal|## Files Read|## Files Modified|## Commands Run|## Results|## Verification|## Failed / Blocked Items|## Effect on English Reading Report|## Next Step|## Git Commit	True	True
progress_update_file	20260621_004639_inpainting_guidance_proxy.md	# Progress Update|## Goal|## Files Read|## Files Modified|## Commands Run|## Results|## Verification|## Failed / Blocked Items|## Effect on English Reading Report|## Next Step|## Git Commit	True	True
progress_update_file	20260621_010355_latent_projection.md	# Progress Update|## Goal|## Files Read|## Files Modified|## Commands Run|## Results|## Verification|## Failed / Blocked Items|## Effect on English Reading Report|## Next Step|## Git Commit	True	True
progress_update_file	20260621_012642_transition_guidance.md	# Progress Update|## Goal|## Files Read|## Files Modified|## Commands Run|## Results|## Verification|## Failed / Blocked Items|## Effect on English Reading Report|## Next Step|## Git Commit	True	True
progress_update_file	20260621_020857_importer_export_guidance_5seed.md	# Progress Update|## Goal|## Files Read|## Files Modified|## Commands Run|## Results|## Verification|## Failed / Blocked Items|## Effect on English Reading Report|## Next Step|## Git Commit	True	True
progress_update_file	20260621_023121_fig5_fig6_task_protocol_proxy.md	# Progress Update|## Goal|## Files Read|## Files Modified|## Commands Run|## Results|## Verification|## Failed / Blocked Items|## Effect on English Reading Report|## Next Step|## Git Commit	True	True
progress_update_file	20260621_034244_highenv_scaled_importer_ppo.md	# Progress Update|## Goal|## Files Read|## Files Modified|## Commands Run|## Results|## Verification|## Failed / Blocked Items|## Effect on English Reading Report|## Next Step|## Git Commit	True	True
progress_update_file	20260621_040817_scaled_teacher_rollout.md	# Progress Update|## Goal|## Files Read|## Files Modified|## Commands Run|## Results|## Verification|## Failed / Blocked Items|## Effect on English Reading Report|## Next Step|## Git Commit	True	True
progress_update_file	20260621_052844_scaled_downstream.md	# Progress Update|## Goal|## Files Read|## Files Modified|## Commands Run|## Results|## Verification|## Failed / Blocked Items|## Effect on English Reading Report|## Next Step|## Git Commit	True	True
progress_update_file	20260621_054229_scaled_offline_guidance.md	# Progress Update|## Goal|## Files Read|## Files Modified|## Commands Run|## Results|## Verification|## Failed / Blocked Items|## Effect on English Reading Report|## Next Step|## Git Commit	True	True
progress_update_file	20260621_060523_scaled_closed_loop_guidance.md	# Progress Update|## Goal|## Files Read|## Files Modified|## Commands Run|## Results|## Verification|## Failed / Blocked Items|## Effect on English Reading Report|## Next Step|## Git Commit	True	True
progress_update_file	20260621_070300_scaled_multiseed_guidance.md	# Progress Update|## Goal|## Files Read|## Files Modified|## Commands Run|## Results|## Verification|## Failed / Blocked Items|## Effect on English Reading Report|## Next Step|## Git Commit	True	True
progress_update_file	20260621_071616_headless_gate_and_replay_assets.md	# Progress Update|## Goal|## Files Read|## Files Modified|## Commands Run|## Results|## Verification|## Failed / Blocked Items|## Effect on English Reading Report|## Next Step|## Git Commit	True	True
progress_update_file	20260621_072620_tracking_eval_summary_assets.md	# Progress Update|## Goal|## Files Read|## Files Modified|## Commands Run|## Results|## Verification|## Failed / Blocked Items|## Effect on English Reading Report|## Next Step|## Git Commit	True	True
progress_update_file	20260621_074235_headless_gate_and_scaled_ppo_multiseed_eval.md	# Progress Update|## Goal|## Files Read|## Files Modified|## Commands Run|## Results|## Verification|## Failed / Blocked Items|## Effect on English Reading Report|## Next Step|## Git Commit	True	True
progress_update_file	20260621_075134_scaled_ppo_onnx_async_audit.md	# Progress Update|## Goal|## Files Read|## Files Modified|## Commands Run|## Results|## Verification|## Failed / Blocked Items|## Effect on English Reading Report|## Next Step|## Git Commit	True	True
progress_update_file	20260621_080237_scaled_ppo_fig56_protocol_proxy.md	# Progress Update|## Goal|## Files Read|## Files Modified|## Commands Run|## Results|## Verification|## Failed / Blocked Items|## Effect on English Reading Report|## Next Step|## Git Commit	True	True
progress_update_file	20260621_081657_scaled_ppo_success_fall_collision_proxy.md	# Progress Update|## Goal|## Files Read|## Files Modified|## Commands Run|## Results|## Verification|## Failed / Blocked Items|## Effect on English Reading Report|## Next Step|## Git Commit	True	True
progress_update_file	20260621_085156_official_importer_task_eval_input_refresh.md	# Progress Update|## Goal|## Files Read|## Files Modified|## Commands Run|## Results|## Verification|## Failed / Blocked Items|## Effect on English Reading Report|## Next Step|## Git Commit	True	True
progress_update_file	20260621_090318_scaled_ppo_completion_proxy.md	# Progress Update|## Goal|## Files Read|## Files Modified|## Commands Run|## Results|## Verification|## Failed / Blocked Items|## Effect on English Reading Report|## Next Step|## Git Commit	True	True
progress_update_file	20260621_093051_scaled_ppo_checkpoint_sweep.md	# Progress Update|## Goal|## Files Read|## Files Modified|## Commands Run|## Results|## Verification|## Failed / Blocked Items|## Effect on English Reading Report|## Next Step|## Git Commit	True	True
progress_update_file	20260621_094005_best_checkpoint_confirmation.md	# Progress Update|## Goal|## Files Read|## Files Modified|## Commands Run|## Results|## Verification|## Failed / Blocked Items|## Effect on English Reading Report|## Next Step|## Git Commit	True	True
progress_update_file	20260621_094727_reward_termination_diagnostic.md	# Progress Update|## Goal|## Files Read|## Files Modified|## Commands Run|## Results|## Verification|## Failed / Blocked Items|## Effect on English Reading Report|## Next Step|## Git Commit	True	True
progress_update_file	20260621_095916_ee_body_pos_termination_source_audit.md	# Progress Update|## Goal|## Files Read|## Files Modified|## Commands Run|## Results|## Verification|## Failed / Blocked Items|## Effect on English Reading Report|## Next Step|## Git Commit	True	True
progress_update_file	20260621_101205_scaled_ppo_endpoint_z_trace.md	# Progress Update|## Goal|## Files Read|## Files Modified|## Commands Run|## Results|## Verification|## Failed / Blocked Items|## Effect on English Reading Report|## Next Step|## Git Commit	True	True
progress_update_file	20260621_103529_motion_bundle_body_position_degeneracy.md	# Progress Update|## Goal|## Files Read|## Files Modified|## Commands Run|## Results|## Verification|## Failed / Blocked Items|## Effect on English Reading Report|## Next Step|## Git Commit	True	True
progress_update_file	20260621_110030_fk_repaired_motion_bundle.md	# Progress Update|## Goal|## Files Read|## Files Modified|## Commands Run|## Results|## Verification|## Failed / Blocked Items|## Effect on English Reading Report|## Next Step|## Git Commit	True	True
progress_update_file	20260621_112215_fk_repaired_split_gate.md	# Progress Update|## Goal|## Files Read|## Files Modified|## Commands Run|## Results|## Verification|## Failed / Blocked Items|## Effect on English Reading Report|## Next Step|## Git Commit	True	True
progress_update_file	20260621_114600_current_task_env_gate.md	# Progress Update|## Goal|## Files Read|## Files Modified|## Commands Run|## Results|## Verification|## Failed / Blocked Items|## Effect on English Reading Report|## Next Step|## Git Commit	True	True
progress_update_file	20260621_122321_current_full_task_eval.md	# Progress Update|## Goal|## Files Read|## Files Modified|## Commands Run|## Results|## Verification|## Failed / Blocked Items|## Effect on English Reading Report|## Next Step|## Git Commit	True	True
progress_update_file	20260621_123241_visual_inventory_refresh.md	# Progress Update|## Goal|## Files Read|## Files Modified|## Commands Run|## Results|## Verification|## Failed / Blocked Items|## Effect on English Reading Report|## Next Step|## Git Commit	True	True
progress_update_file	20260621_132517_headless_gate_full_replay_refresh.md	# Progress Update|## Goal|## Files Read|## Files Modified|## Commands Run|## Results|## Verification|## Failed / Blocked Items|## Effect on English Reading Report|## Next Step|## Git Commit	True	True
progress_update_file	20260621_135758_full_task_eval_refresh.md	# Progress Update|## Goal|## Files Read|## Files Modified|## Commands Run|## Results|## Verification|## Failed / Blocked Items|## Effect on English Reading Report|## Next Step|## Git Commit	True	True
progress_update_file	20260621_140608_scaled_ppo_teacher_rollout_refresh.md	# Progress Update|## Goal|## Files Read|## Files Modified|## Commands Run|## Results|## Verification|## Failed / Blocked Items|## Effect on English Reading Report|## Next Step|## Git Commit	True	True
progress_update_file	20260621_142000_scaled_ppo_vae_state_latent_refresh.md	# Progress Update|## Goal|## Files Read|## Files Modified|## Commands Run|## Results|## Verification|## Failed / Blocked Items|## Effect on English Reading Report|## Next Step|## Git Commit	True	True
progress_update_file	20260621_143552_scaled_ppo_diffusion_guidance_refresh.md	# Progress Update|## Goal|## Files Read|## Files Modified|## Commands Run|## Results|## Verification|## Failed / Blocked Items|## Effect on English Reading Report|## Next Step|## Git Commit	True	True
progress_update_file	20260621_145236_scaled_ppo_guidance_rollout_video_refresh.md	# Progress Update|## Goal|## Files Read|## Files Modified|## Commands Run|## Results|## Verification|## Failed / Blocked Items|## Effect on English Reading Report|## Next Step|## Git Commit	True	True
progress_update_file	20260621_153941_scaled_ppo_multiseed_guidance_refresh.md	# Progress Update|## Goal|## Files Read|## Files Modified|## Commands Run|## Results|## Verification|## Failed / Blocked Items|## Effect on English Reading Report|## Next Step|## Git Commit	True	True
progress_update_file	20260621_162144_fk_repaired_split_task_eval.md	# Progress Update|## Goal|## Files Read|## Files Modified|## Commands Run|## Results|## Verification|## Failed / Blocked Items|## Effect on English Reading Report|## Next Step|## Git Commit	True	True
progress_update_file	20260621_171322_report_refresh.md	# Progress Update|## Goal|## Files Read|## Files Modified|## Commands Run|## Results|## Verification|## Failed / Blocked Items|## Effect on English Reading Report|## Next Step|## Git Commit	True	True
progress_update_file	20260621_182911_fk_repaired_protocol_and_reports.md	# Progress Update|## Goal|## Files Read|## Files Modified|## Commands Run|## Results|## Verification|## Failed / Blocked Items|## Effect on English Reading Report|## Next Step|## Git Commit	True	True
progress_update_file	20260621_185116_course_reports_and_storage_hygiene.md	# Progress Update|## Goal|## Files Read|## Files Modified|## Commands Run|## Results|## Verification|## Failed / Blocked Items|## Effect on English Reading Report|## Next Step|## Git Commit	True	True
progress_update_file	20260621_200838_robot_order_fk_reports_and_storage.md	# Progress Update|## Goal|## Files Read|## Files Modified|## Commands Run|## Results|## Verification|## Failed / Blocked Items|## Effect on English Reading Report|## Next Step|## Git Commit	True	True
progress_update_file	20260621_212207_robot_order_fk_ppo_video.md	# Progress Update|## Goal|## Files Read|## Files Modified|## Commands Run|## Results|## Verification|## Failed / Blocked Items|## Effect on English Reading Report|## Next Step|## Git Commit	True	True
progress_update_file	20260621_213314_current_project_state.md	# Progress Update|## Goal|## Files Read|## Files Modified|## Commands Run|## Results|## Verification|## Failed / Blocked Items|## Effect on English Reading Report|## Next Step|## Git Commit	True	True
progress_update_file	20260621_222104_robot_order_fk_ppo_multiseed_eval.md	# Progress Update|## Goal|## Files Read|## Files Modified|## Commands Run|## Results|## Verification|## Failed / Blocked Items|## Effect on English Reading Report|## Next Step|## Git Commit	True	True
progress_update_file	20260621_224331_tracking_quality_and_storage.md	# Progress Update|## Goal|## Files Read|## Files Modified|## Commands Run|## Results|## Verification|## Failed / Blocked Items|## Effect on English Reading Report|## Next Step|## Git Commit	True	True
progress_update_file	20260621_225601_project_state_baseline.md	# Progress Update|## Goal|## Files Read|## Files Modified|## Commands Run|## Results|## Verification|## Failed / Blocked Items|## Effect on English Reading Report|## Next Step|## Git Commit	True	True
progress_update_file	20260621_231003_reading_and_project_reports.md	# Progress Update|## Goal|## Files Read|## Files Modified|## Commands Run|## Results|## Verification|## Failed / Blocked Items|## Effect on English Reading Report|## Next Step|## Git Commit	True	True
progress_update_file	20260621_234356_robot_order_reset_alignment.md	# Progress Update|## Goal|## Files Read|## Files Modified|## Commands Run|## Results|## Verification|## Failed / Blocked Items|## Effect on English Reading Report|## Next Step|## Git Commit	True	True
progress_update_file	20260621_235919_course_reports_storage_refresh.md	# Progress Update|## Goal|## Files Read|## Files Modified|## Commands Run|## Results|## Verification|## Failed / Blocked Items|## Effect on English Reading Report|## Next Step|## Git Commit	True	True
progress_update_file	20260622_002628_reset_command_warmup_live_probe.md	# Progress Update|## Goal|## Files Read|## Files Modified|## Commands Run|## Results|## Verification|## Failed / Blocked Items|## Effect on English Reading Report|## Next Step|## Git Commit	True	True
progress_update_file	20260622_004850_course_report_refresh.md	# Progress Update|## Goal|## Files Read|## Files Modified|## Commands Run|## Results|## Verification|## Failed / Blocked Items|## Effect on English Reading Report|## Next Step|## Git Commit	True	True
progress_update_file	20260622_011110_robot_order_warmup_project_state.md	# Progress Update|## Goal|## Files Read|## Files Modified|## Commands Run|## Results|## Verification|## Failed / Blocked Items|## Effect on English Reading Report|## Next Step|## Git Commit	True	True
progress_update_file	20260622_013910_seed_matched_warmup_phase.md	# Progress Update|## Goal|## Files Read|## Files Modified|## Commands Run|## Results|## Verification|## Failed / Blocked Items|## Effect on English Reading Report|## Next Step|## Git Commit	True	True
progress_update_file	20260622_020859_storage_target_refresh_no_advance.md	# Progress Update|## Goal|## Files Read|## Files Modified|## Commands Run|## Results|## Verification|## Failed / Blocked Items|## Effect on English Reading Report|## Next Step|## Git Commit	True	True
progress_update_file	20260622_024557_reset_state_action_distribution.md	# Progress Update|## Goal|## Files Read|## Files Modified|## Commands Run|## Results|## Verification|## Failed / Blocked Items|## Effect on English Reading Report|## Next Step|## Git Commit	True	True
progress_update_file	20260622_031313_course_reports_goal_baseline.md	# Progress Update|## Goal|## Files Read|## Files Modified|## Commands Run|## Results|## Verification|## Failed / Blocked Items|## Effect on English Reading Report|## Next Step|## Git Commit	True	True
progress_update_file	20260622_032557_current_project_summary.md	# Progress Update|## Goal|## Files Read|## Files Modified|## Commands Run|## Results|## Verification|## Failed / Blocked Items|## Effect on English Reading Report|## Next Step|## Git Commit	True	True
progress_update_file	20260622_035429_reset_state_action_consistency_live_probe.md	# Progress Update|## Goal|## Files Read|## Files Modified|## Commands Run|## Results|## Verification|## Failed / Blocked Items|## Effect on English Reading Report|## Next Step|## Git Commit	True	True
progress_update_file	20260622_041426_course_reports_current_summary.md	# Progress Update|## Goal|## Files Read|## Files Modified|## Commands Run|## Results|## Verification|## Failed / Blocked Items|## Effect on English Reading Report|## Next Step|## Git Commit	True	True
progress_update_file	20260622_044202_deterministic_reset_live_gate.md	# Progress Update|## Goal|## Files Read|## Files Modified|## Commands Run|## Results|## Verification|## Failed / Blocked Items|## Effect on English Reading Report|## Next Step|## Git Commit	True	True
progress_update_file	20260622_050127_course_reports_and_storage_cleanup.md	# Progress Update|## Goal|## Files Read|## Files Modified|## Commands Run|## Results|## Verification|## Failed / Blocked Items|## Effect on English Reading Report|## Next Step|## Git Commit	True	True
progress_update_file	20260622_052038_report_audit_refresh.md	# Progress Update|## Goal|## Files Read|## Files Modified|## Commands Run|## Results|## Verification|## Failed / Blocked Items|## Effect on English Reading Report|## Next Step|## Git Commit	True	True
progress_update_file	20260622_060023_ee_termination_ablation.md	# Progress Update|## Goal|## Files Read|## Files Modified|## Commands Run|## Results|## Verification|## Failed / Blocked Items|## Effect on English Reading Report|## Next Step|## Git Commit	True	True
progress_update_file	20260622_062500_phase_alignment_live_probe.md	# Progress Update|## Goal|## Files Read|## Files Modified|## Commands Run|## Results|## Verification|## Failed / Blocked Items|## Effect on English Reading Report|## Next Step|## Git Commit	True	True
progress_update_file	20260622_062852_endpoint_group_reports.md	# Progress Update|## Goal|## Files Read|## Files Modified|## Commands Run|## Results|## Verification|## Failed / Blocked Items|## Effect on English Reading Report|## Next Step|## Git Commit	True	True
progress_update_file	20260622_064007_goal_protocol_report_refresh.md	# Progress Update|## Goal|## Files Read|## Files Modified|## Commands Run|## Results|## Verification|## Failed / Blocked Items|## Effect on English Reading Report|## Next Step|## Git Commit	True	True
progress_update_file	20260622_065856_reading_reports_course_refresh.md	# Progress Update|## Goal|## Files Read|## Files Modified|## Commands Run|## Results|## Verification|## Failed / Blocked Items|## Effect on English Reading Report|## Next Step|## Git Commit	True	True
progress_update_file	20260622_072500_wrist_endpoint_alignment_live_probe.md	# Progress Update|## Goal|## Files Read|## Files Modified|## Commands Run|## Results|## Verification|## Failed / Blocked Items|## Effect on English Reading Report|## Next Step|## Git Commit	True	True
progress_update_file	20260622_075213_wrist_endpoint_source_full_diagnostic.md	# Progress Update|## Goal|## Files Read|## Files Modified|## Commands Run|## Results|## Verification|## Failed / Blocked Items|## Effect on English Reading Report|## Next Step|## Git Commit	True	True
progress_update_file	20260622_081829_endpoint_threshold_sweep.md	# Progress Update|## Goal|## Files Read|## Files Modified|## Commands Run|## Results|## Verification|## Failed / Blocked Items|## Effect on English Reading Report|## Next Step|## Git Commit	True	True
progress_update_file	20260622_110552_current_baseline_refresh.md	# Progress Update|## Goal|## Files Read|## Files Modified|## Commands Run|## Results|## Verification|## Failed / Blocked Items|## Effect on English Reading Report|## Next Step|## Git Commit	True	True
progress_update_file	20260622_124556_isaaclab_rendered_mp4_gate.md	# Progress Update|## Goal|## Files Read|## Files Modified|## Commands Run|## Results|## Verification|## Failed / Blocked Items|## Effect on English Reading Report|## Next Step|## Git Commit	True	True
progress_update_file	20260622_132044_isaac_render_stack_repair.md	# Progress Update|## Goal|## Files Read|## Files Modified|## Commands Run|## Results|## Verification|## Failed / Blocked Items|## Effect on English Reading Report|## Next Step|## Git Commit	True	True
progress_update_file	20260622_134551_isaac_mp4_rtx_migration_package.md	# Progress Update|## Goal|## Files Read|## Files Modified|## Commands Run|## Results|## Verification|## Failed / Blocked Items|## Effect on English Reading Report|## Next Step|## Git Commit	True	True
progress_update_file	20260622_144025_mujoco_mp4_h20.md	# Progress Update|## Goal|## Files Read|## Files Modified|## Commands Run|## Results|## Verification|## Failed / Blocked Items|## Effect on English Reading Report|## Next Step|## Git Commit	True	True
progress_update_file	20260622_152629_mujoco_trace_mesh_videos.md	# Progress Update|## Goal|## Files Read|## Files Modified|## Commands Run|## Results|## Verification|## Failed / Blocked Items|## Effect on English Reading Report|## Next Step|## Git Commit	True	True
progress_update_file	20260622_161023_mujoco_pd_control_videos.md	# Progress Update|## Goal|## Files Read|## Files Modified|## Commands Run|## Results|## Verification|## Failed / Blocked Items|## Effect on English Reading Report|## Next Step|## Git Commit	True	True
progress_update_file	20260622_162951_control_quality_diagnosis.md	# Progress Update|## Goal|## Files Read|## Files Modified|## Commands Run|## Results|## Verification|## Failed / Blocked Items|## Effect on English Reading Report|## Next Step|## Git Commit	True	True
progress_update_file	20260622_170050_paper_contract_ppo_retrain_started.md	# Progress Update|## Goal|## Files Read|## Files Modified|## Commands Run|## Results|## Verification|## Failed / Blocked Items|## Effect on English Reading Report|## Next Step|## Git Commit	True	True
progress_update_file	20260622_183940_motion_tracking_sources_inventory.md	# Progress Update|## Goal|## Files Read|## Files Modified|## Commands Run|## Results|## Verification|## Failed / Blocked Items|## Effect on English Reading Report|## Next Step|## Git Commit	True	True
progress_update_file	20260622_194337_stage1_multisource_teacher.md	# Progress Update|## Goal|## Files Read|## Files Modified|## Commands Run|## Results|## Verification|## Failed / Blocked Items|## Effect on English Reading Report|## Next Step|## Git Commit	True	True
progress_update_file	20260622_202500_stage1_training_monitor.md	# Progress Update|## Goal|## Files Read|## Files Modified|## Commands Run|## Results|## Verification|## Failed / Blocked Items|## Effect on English Reading Report|## Next Step|## Git Commit	True	True
progress_update_file	20260622_211000_official_released_data_mujoco_mp4.md	# Progress Update|## Goal|## Files Read|## Files Modified|## Commands Run|## Results|## Verification|## Failed / Blocked Items|## Effect on English Reading Report|## Next Step|## Git Commit	True	True
progress_update_file	20260622_214151_official_dataset_mujoco_mp4_full_coverage.md	# Progress Update|## Goal|## Files Read|## Files Modified|## Commands Run|## Results|## Verification|## Failed / Blocked Items|## Effect on English Reading Report|## Next Step|## Git Commit	True	True
progress_update_file	20260623_042217_paper_contract_post_training_pipeline.md	# Progress Update|## Goal|## Files Read|## Files Modified|## Commands Run|## Results|## Verification|## Failed / Blocked Items|## Effect on English Reading Report|## Next Step|## Git Commit	True	True
progress_update_file	20260623_065329_lafan1_paper_contract_mujoco_videos.md	# Progress Update|## Goal|## Files Read|## Files Modified|## Commands Run|## Results|## Verification|## Failed / Blocked Items|## Effect on English Reading Report|## Next Step|## Git Commit	True	True
progress_update_file	20260623_120420_lafan1_reference_pose_replay_fix.md	# Progress Update|## Goal|## Files Read|## Files Modified|## Commands Run|## Results|## Verification|## Failed / Blocked Items|## Effect on English Reading Report|## Next Step|## Git Commit	True	True
progress_update_file	20260623_123523_continuous_mujoco_video_suite.md	# Progress Update|## Goal|## Files Read|## Files Modified|## Commands Run|## Results|## Verification|## Failed / Blocked Items|## Effect on English Reading Report|## Next Step|## Git Commit	True	True
progress_update_file	20260623_141338_stage1_multisource_downstream.md	# Progress Update|## Goal|## Files Read|## Files Modified|## Commands Run|## Results|## Verification|## Failed / Blocked Items|## Effect on English Reading Report|## Next Step|## Git Commit	True	True
progress_update_file	20260623_153127_report_package.md	# Progress Update|## Goal|## Files Read|## Files Modified|## Commands Run|## Results|## Verification|## Failed / Blocked Items|## Effect on English Reading Report|## Next Step|## Git Commit	True	True
progress_update_file	20260623_162203_chinese_report_localization.md	# Progress Update|## Goal|## Files Read|## Files Modified|## Commands Run|## Results|## Verification|## Failed / Blocked Items|## Effect on English Reading Report|## Next Step|## Git Commit	True	True
progress_update_file	20260623_201611_stage1_mujoco_video_failure_diagnosis.md	# Progress Update|## Goal|## Files Read|## Files Modified|## Commands Run|## Results|## Verification|## Failed / Blocked Items|## Effect on English Reading Report|## Next Step|## Git Commit	True	True
progress_update_file	20260623_205424_stage1_quality_gated_mujoco_video_fix.md	# Progress Update|## Goal|## Files Read|## Files Modified|## Commands Run|## Results|## Verification|## Failed / Blocked Items|## Effect on English Reading Report|## Next Step|## Git Commit	True	True
progress_update_file	20260623_214324_stage1_quality_gated_adapter_diagnostic.md	# Progress Update|## Goal|## Files Read|## Files Modified|## Commands Run|## Results|## Verification|## Failed / Blocked Items|## Effect on English Reading Report|## Next Step|## Git Commit	True	True
progress_update_file	20260623_220046_stage1_quality_gated_action_contract_audit.md	# Progress Update|## Goal|## Files Read|## Files Modified|## Commands Run|## Results|## Verification|## Failed / Blocked Items|## Effect on English Reading Report|## Next Step|## Git Commit	True	True
progress_update_file	20260623_223035_stage1_native_mujoco_adapter_alignment.md	# Progress Update|## Goal|## Files Read|## Files Modified|## Commands Run|## Results|## Verification|## Failed / Blocked Items|## Effect on English Reading Report|## Next Step|## Git Commit	True	True
progress_update_file	20260623_231238_clean_walk_mujoco_control_suite.md	# Progress Update|## Goal|## Files Read|## Files Modified|## Commands Run|## Results|## Verification|## Failed / Blocked Items|## Effect on English Reading Report|## Next Step|## Git Commit	True	True
progress_update_file	20260624_000848_clean_walk_model_weight_sweep.md	# Progress Update|## Goal|## Files Read|## Files Modified|## Commands Run|## Results|## Verification|## Failed / Blocked Items|## Effect on English Reading Report|## Next Step|## Git Commit	True	True
progress_update_file	20260624_003128_clean_walk_candidate_diagnosis.md	# Progress Update|## Goal|## Files Read|## Files Modified|## Commands Run|## Results|## Verification|## Failed / Blocked Items|## Effect on English Reading Report|## Next Step|## Git Commit	True	True
progress_update_file	20260624_005038_final_clean_walk_six_videos.md	# Progress Update|## Goal|## Files Read|## Files Modified|## Commands Run|## Results|## Verification|## Failed / Blocked Items|## Effect on English Reading Report|## Next Step|## Git Commit	True	True
progress_update_file	20260624_030017_hub_singleleg_full_chain.md	# Progress Update|## Goal|## Files Read|## Files Modified|## Commands Run|## Results|## Verification|## Failed / Blocked Items|## Effect on English Reading Report|## Next Step|## Git Commit	True	True
progress_update_file	20260624_041621_formula_parameter_trace_audit.md	# Progress Update|## Goal|## Files Read|## Files Modified|## Commands Run|## Results|## Verification|## Failed / Blocked Items|## Effect on English Reading Report|## Next Step|## Git Commit	True	True
progress_update_file	20260624_043352_teacher_checkpoint_quality_selector.md	# Progress Update|## Goal|## Files Read|## Files Modified|## Commands Run|## Results|## Verification|## Failed / Blocked Items|## Effect on English Reading Report|## Next Step|## Git Commit	True	True
progress_update_file	20260624_044608_stage1_tracking_parameter_contract.md	# Progress Update|## Goal|## Files Read|## Files Modified|## Commands Run|## Results|## Verification|## Failed / Blocked Items|## Effect on English Reading Report|## Next Step|## Git Commit	True	True
progress_update_file	20260624_045629_model_chain_paper_contract.md	# Progress Update|## Goal|## Files Read|## Files Modified|## Commands Run|## Results|## Verification|## Failed / Blocked Items|## Effect on English Reading Report|## Next Step|## Git Commit	True	True
progress_update_file	20260624_051530_paper_transformer_diffusion_contract.md	# Progress Update|## Goal|## Files Read|## Files Modified|## Commands Run|## Results|## Verification|## Failed / Blocked Items|## Effect on English Reading Report|## Next Step|## Git Commit	True	True
progress_update_file	20260624_052248_mujoco_control_contract_audit.md	# Progress Update|## Goal|## Files Read|## Files Modified|## Commands Run|## Results|## Verification|## Failed / Blocked Items|## Effect on English Reading Report|## Next Step|## Git Commit	True	True
progress_update_file	20260624_053315_mujoco_native_action_adapter_contract.md	# Progress Update|## Goal|## Files Read|## Files Modified|## Commands Run|## Results|## Verification|## Failed / Blocked Items|## Effect on English Reading Report|## Next Step|## Git Commit	True	True
progress_update_file	20260624_054712_mujoco_native_observation_adapter_contract.md	# Progress Update|## Goal|## Files Read|## Files Modified|## Commands Run|## Results|## Verification|## Failed / Blocked Items|## Effect on English Reading Report|## Next Step|## Git Commit	True	True
progress_update_file	20260624_060836_pretraining_hard_gate.md	# Progress Update|## Goal|## Files Read|## Files Modified|## Commands Run|## Results|## Verification|## Failed / Blocked Items|## Effect on English Reading Report|## Next Step|## Git Commit	True	True
progress_update_file	20260624_062553_code_formula_appendix_contract.md	# Progress Update|## Goal|## Files Read|## Files Modified|## Commands Run|## Results|## Verification|## Failed / Blocked Items|## Effect on English Reading Report|## Next Step|## Git Commit	True	True
progress_update_file	20260624_070546_state_latent_dataset_source_contract.md	# Progress Update|## Goal|## Files Read|## Files Modified|## Commands Run|## Results|## Verification|## Failed / Blocked Items|## Effect on English Reading Report|## Next Step|## Git Commit	True	True
progress_update_file	20260624_072430_hybrid_state_schema_contract.md	# Progress Update|## Goal|## Files Read|## Files Modified|## Commands Run|## Results|## Verification|## Failed / Blocked Items|## Effect on English Reading Report|## Next Step|## Git Commit	True	True
progress_update_file	20260624_072501_raw_rollout_hybrid_state_builder.md	# Progress Update|## Goal|## Files Read|## Files Modified|## Commands Run|## Results|## Verification|## Failed / Blocked Items|## Effect on English Reading Report|## Next Step|## Git Commit	True	True
progress_update_file	20260624_075205_state_latent_hybrid_window_contract.md	# Progress Update|## Goal|## Files Read|## Files Modified|## Commands Run|## Results|## Verification|## Failed / Blocked Items|## Effect on English Reading Report|## Next Step|## Git Commit	True	True
progress_update_file	20260624_080414_pretraining_formula_gate_alignment.md	# Progress Update|## Goal|## Files Read|## Files Modified|## Commands Run|## Results|## Verification|## Failed / Blocked Items|## Effect on English Reading Report|## Next Step|## Git Commit	True	True
progress_update_file	20260624_082018_mujoco_action_material_gate.md	# Progress Update|## Goal|## Files Read|## Files Modified|## Commands Run|## Results|## Verification|## Failed / Blocked Items|## Effect on English Reading Report|## Next Step|## Git Commit	True	True
progress_update_file	20260624_083439_mujoco_native_obs_gate_hardened.md	# Progress Update|## Goal|## Files Read|## Files Modified|## Commands Run|## Results|## Verification|## Failed / Blocked Items|## Effect on English Reading Report|## Next Step|## Git Commit	True	True
progress_update_file	20260624_085146_appendix_parameter_matrix_gate.md	# Progress Update|## Goal|## Files Read|## Files Modified|## Commands Run|## Results|## Verification|## Failed / Blocked Items|## Effect on English Reading Report|## Next Step|## Git Commit	True	True
progress_update_file	20260624_090817_mujoco_no_action_clip_ctrlrange_patch.md	# Progress Update|## Goal|## Files Read|## Files Modified|## Commands Run|## Results|## Verification|## Failed / Blocked Items|## Effect on English Reading Report|## Next Step|## Git Commit	True	True
progress_update_file	20260624_113234_mujoco_observation_math_parity.md	# Progress Update|## Goal|## Files Read|## Files Modified|## Commands Run|## Results|## Verification|## Failed / Blocked Items|## Effect on English Reading Report|## Next Step|## Git Commit	True	True
progress_update_file	20260624_115503_isaaclab_observation_sample_gate.md	# Progress Update|## Goal|## Files Read|## Files Modified|## Commands Run|## Results|## Verification|## Failed / Blocked Items|## Effect on English Reading Report|## Next Step|## Git Commit	True	True
progress_update_file	20260624_121631_mujoco_observation_same_state_parity.md	# Progress Update|## Goal|## Files Read|## Files Modified|## Commands Run|## Results|## Verification|## Failed / Blocked Items|## Effect on English Reading Report|## Next Step|## Git Commit	True	True
progress_update_file	20260624_124350_mujoco_observation_runtime_parity.md	# Progress Update|## Goal|## Files Read|## Files Modified|## Commands Run|## Results|## Verification|## Failed / Blocked Items|## Effect on English Reading Report|## Next Step|## Git Commit	True	True
progress_update_file	20260624_130236_mujoco_torso_frame_offset.md	# Progress Update|## Goal|## Files Read|## Files Modified|## Commands Run|## Results|## Verification|## Failed / Blocked Items|## Effect on English Reading Report|## Next Step|## Git Commit	True	True
progress_update_file	20260624_132500_walk_sample_torso_offset_cross_check.md	# Progress Update|## Goal|## Files Read|## Files Modified|## Commands Run|## Results|## Verification|## Failed / Blocked Items|## Effect on English Reading Report|## Next Step|## Git Commit	True	True
progress_update_file	20260624_135657_formula_chain_failure_root_cause.md	# Progress Update|## Goal|## Files Read|## Files Modified|## Commands Run|## Results|## Verification|## Failed / Blocked Items|## Effect on English Reading Report|## Next Step|## Git Commit	True	True
progress_update_file	20260624_142002_state_latent_paper_contract_gate.md	# Progress Update|## Goal|## Files Read|## Files Modified|## Commands Run|## Results|## Verification|## Failed / Blocked Items|## Effect on English Reading Report|## Next Step|## Git Commit	True	True
progress_update_file	20260624_172106_jumps1_mujoco_baseline.md	# Progress Update|## Goal|## Files Read|## Files Modified|## Commands Run|## Results|## Verification|## Failed / Blocked Items|## Effect on English Reading Report|## Next Step|## Git Commit	True	True
progress_update_file	20260624_183424_lafan1_jumps1_mujoco_baseline.md	# Progress Update|## Goal|## Files Read|## Files Modified|## Commands Run|## Results|## Verification|## Failed / Blocked Items|## Effect on English Reading Report|## Next Step|## Git Commit	True	True
progress_update_file	20260624_190029_model_chain_hard_gate_review.md	# Progress Update|## Goal|## Files Read|## Files Modified|## Commands Run|## Results|## Verification|## Failed / Blocked Items|## Effect on English Reading Report|## Next Step|## Git Commit	True	True
progress_update_file	20260624_192102_single_motion_teacher_quality_gate.md	# Progress Update|## Goal|## Files Read|## Files Modified|## Commands Run|## Results|## Verification|## Failed / Blocked Items|## Effect on English Reading Report|## Next Step|## Git Commit	True	True
