index,motion,source_family,source_kind,source_path,source_exists,source_sha256,csv_path,csv_sha256,input_fps,output_fps,start_frame,end_frame_exclusive,frame_count,duration_seconds,per_motion_npz,per_motion_npz_size,per_motion_npz_sha256,joint_min,joint_max,root_z_min,root_z_max,notes
0,lafan1_dance1_subject1,Unitree-retargeted LAFAN1,36_column_csv,/mnt/infini-data/test/BeyondMimic/download/official/LAFAN1_Retargeting_Dataset/g1/dance1_subject1.csv,True,e2a369e92e5ad076c5acffff7bce53157a0e6cd9e7e9f6a08dadfb1eb2928d8f,/mnt/infini-data/test/BeyondMimic/res/tracking/stage1_multisource_motion_bundle/csv/lafan1_dance1_subject1.csv,cea1cfd0a2a36fa3058c998c20d7425d963dea45b62dae2dbc403a46b3d0384c,30,50,0,6574,6574,131.48,/mnt/infini-data/test/BeyondMimic/res/tracking/stage1_multisource_motion_bundle/motions/lafan1_dance1_subject1/motion.npz,12112557,77facb17eec2a37fa76b410370f622005c6a955a8d5ea775e0b58646d5056232,-1.7857019901275635,2.730823040008545,0.28815901279449463,0.8415669798851013,official HuggingFace LAFAN1 retargeted G1 36-column CSV
1,lafan1_dance1_subject2,Unitree-retargeted LAFAN1,36_column_csv,/mnt/infini-data/test/BeyondMimic/download/official/LAFAN1_Retargeting_Dataset/g1/dance1_subject2.csv,True,3c2d37391ab08af18224f7a63ea55f1cd83480bdec779c320acb4d0b3062633e,/mnt/infini-data/test/BeyondMimic/res/tracking/stage1_multisource_motion_bundle/csv/lafan1_dance1_subject2.csv,c94ff77be2aad4d689c27eeb65a9ee63c5355b7c3df968755731f764e294c1c8,30,50,6574,13148,6574,131.48,/mnt/infini-data/test/BeyondMimic/res/tracking/stage1_multisource_motion_bundle/motions/lafan1_dance1_subject2/motion.npz,12146699,11c050c7ce8169eb69a4526a9af988eea711e46b648896821902e10bee5888ae,-1.8751071691513062,2.66542649269104,0.41055580973625183,0.8460649847984314,official HuggingFace LAFAN1 retargeted G1 36-column CSV
2,lafan1_dance1_subject3,Unitree-retargeted LAFAN1,36_column_csv,/mnt/infini-data/test/BeyondMimic/download/official/LAFAN1_Retargeting_Dataset/g1/dance1_subject3.csv,True,983ab290f7ac70fcd4baa56ea5321bc48522f613980986e4a0a83c884b940884,/mnt/infini-data/test/BeyondMimic/res/tracking/stage1_multisource_motion_bundle/csv/lafan1_dance1_subject3.csv,cb7c642c5dc711b422173e50e4bda30e417b3f9b729a4dd4858e51c2d1dafbd4,30,50,13148,19722,6574,131.48,/mnt/infini-data/test/BeyondMimic/res/tracking/stage1_multisource_motion_bundle/motions/lafan1_dance1_subject3/motion.npz,12134190,ed55e70c3430f2d5f5df8788217b3024ba94d9d6b41662f605c6d649e1f84442,-1.7856202125549316,2.38332200050354,0.6108419895172119,0.8377676010131836,official HuggingFace LAFAN1 retargeted G1 36-column CSV
3,lafan1_dance2_subject1,Unitree-retargeted LAFAN1,36_column_csv,/mnt/infini-data/test/BeyondMimic/download/official/LAFAN1_Retargeting_Dataset/g1/dance2_subject1.csv,True,f8611569a28fff323577ccb53021b0b189114510a284f76b234fc6e0e9f089e1,/mnt/infini-data/test/BeyondMimic/res/tracking/stage1_multisource_motion_bundle/csv/lafan1_dance2_subject1.csv,b2fc1963457cdb5b250d96ab377438b618ace07df809e84728c237c70b7218a0,30,50,19722,31006,11284,225.68,/mnt/infini-data/test/BeyondMimic/res/tracking/stage1_multisource_motion_bundle/motions/lafan1_dance2_subject1/motion.npz,20728001,6b4e18af6d4c9905b4190835f66cac85ed2fcce0a31cf1ea0d0b5625c250b07c,-2.1269733905792236,2.7381279468536377,0.39704298973083496,0.8810719847679138,official HuggingFace LAFAN1 retargeted G1 36-column CSV
4,lafan1_dance2_subject2,Unitree-retargeted LAFAN1,36_column_csv,/mnt/infini-data/test/BeyondMimic/download/official/LAFAN1_Retargeting_Dataset/g1/dance2_subject2.csv,True,85af86f623b3f7cf329bed84088382989f11df11025d305ad5aa1600e8f6828a,/mnt/infini-data/test/BeyondMimic/res/tracking/stage1_multisource_motion_bundle/csv/lafan1_dance2_subject2.csv,98a49a8d958cf697341db66ede4b8cdc1b386741fdb3048247005660641db69a,30,50,31006,42290,11284,225.68,/mnt/infini-data/test/BeyondMimic/res/tracking/stage1_multisource_motion_bundle/motions/lafan1_dance2_subject2/motion.npz,20754042,29524dc9d01edffb6bf61d09e3bc71c76da19cc305d1dfd84562980fd737bb9f,-1.850242018699646,2.516420364379883,0.5096654295921326,0.8692455887794495,official HuggingFace LAFAN1 retargeted G1 36-column CSV
5,lafan1_dance2_subject3,Unitree-retargeted LAFAN1,36_column_csv,/mnt/infini-data/test/BeyondMimic/download/official/LAFAN1_Retargeting_Dataset/g1/dance2_subject3.csv,True,487bcfa3710811acf6fcb2b6c916a79cec8e84fb5494b9b04361c0800852d83a,/mnt/infini-data/test/BeyondMimic/res/tracking/stage1_multisource_motion_bundle/csv/lafan1_dance2_subject3.csv,b8ef14b5e730af127d5d472d695962b887d2a520aa775097a417f33a413f7a73,30,50,42290,53574,11284,225.68,/mnt/infini-data/test/BeyondMimic/res/tracking/stage1_multisource_motion_bundle/motions/lafan1_dance2_subject3/motion.npz,20769609,d47acefe5ea0f257cabcf18df8b80fbe5c9bef1c8134ed0614f2f46afdbad0f0,-1.7854591608047485,2.3772735595703125,0.621173620223999,0.8771944046020508,official HuggingFace LAFAN1 retargeted G1 36-column CSV
6,lafan1_dance2_subject4,Unitree-retargeted LAFAN1,36_column_csv,/mnt/infini-data/test/BeyondMimic/download/official/LAFAN1_Retargeting_Dataset/g1/dance2_subject4.csv,True,e057410a0e7ec0618f58a5d5eceafe686ca292c9ad4dd3c4068eaad15283a46f,/mnt/infini-data/test/BeyondMimic/res/tracking/stage1_multisource_motion_bundle/csv/lafan1_dance2_subject4.csv,c76d96c94f3ad1e57412ee7f7a06923d6121209f899396fceda720fdd08d2f65,30,50,53574,64858,11284,225.68,/mnt/infini-data/test/BeyondMimic/res/tracking/stage1_multisource_motion_bundle/motions/lafan1_dance2_subject4/motion.npz,20749850,8ec829649f0d70f63d980b4b73aa5e6fc90dad0ab717ca362414d4567e7120ec,-2.018148899078369,2.8517398834228516,0.1273173987865448,0.8851529955863953,official HuggingFace LAFAN1 retargeted G1 36-column CSV
7,lafan1_dance2_subject5,Unitree-retargeted LAFAN1,36_column_csv,/mnt/infini-data/test/BeyondMimic/download/official/LAFAN1_Retargeting_Dataset/g1/dance2_subject5.csv,True,2d10031bb293d20ccf6fd8aa76e00d4a5d8dc92cba5f59773d48cc9c8b25637f,/mnt/infini-data/test/BeyondMimic/res/tracking/stage1_multisource_motion_bundle/csv/lafan1_dance2_subject5.csv,6cd14de7e0734bd78657d228b6c9f7308eb488150bba6fa954598519cc2a9736,30,50,64858,76142,11284,225.68,/mnt/infini-data/test/BeyondMimic/res/tracking/stage1_multisource_motion_bundle/motions/lafan1_dance2_subject5/motion.npz,20849916,cfd2c19fc138e1a795eec2a96a08395344b3ddb8bc1c01e0d1a93637bac2005d,-1.7826290130615234,1.9454983472824097,0.6077749729156494,0.8767589926719666,official HuggingFace LAFAN1 retargeted G1 36-column CSV
8,lafan1_fallandgetup1_subject1,Unitree-retargeted LAFAN1,36_column_csv,/mnt/infini-data/test/BeyondMimic/download/official/LAFAN1_Retargeting_Dataset/g1/fallAndGetUp1_subject1.csv,True,97e98a9cac5150917bc5a2ca3517759a3f3c380582cde5e92ad663c1e0553e12,/mnt/infini-data/test/BeyondMimic/res/tracking/stage1_multisource_motion_bundle/csv/lafan1_fallandgetup1_subject1.csv,58443b39253a3822658b311b0aeb7aa596913c109a858e44dc42566cffd080ae,30,50,76142,84552,8410,168.2,/mnt/infini-data/test/BeyondMimic/res/tracking/stage1_multisource_motion_bundle/motions/lafan1_fallandgetup1_subject1/motion.npz,15461411,fdfdb6ed0b4a6f6af8a47350f9fa93ee2133619d5a250374cb00307237085013,-2.316413640975952,2.858879804611206,0.050488799810409546,0.8020280003547668,official HuggingFace LAFAN1 retargeted G1 36-column CSV
9,lafan1_fallandgetup1_subject4,Unitree-retargeted LAFAN1,36_column_csv,/mnt/infini-data/test/BeyondMimic/download/official/LAFAN1_Retargeting_Dataset/g1/fallAndGetUp1_subject4.csv,True,5e9cf9acddc62a8646151567fffac09c7e088186d87a9a8543743cac517ddf0b,/mnt/infini-data/test/BeyondMimic/res/tracking/stage1_multisource_motion_bundle/csv/lafan1_fallandgetup1_subject4.csv,3570bb838f195f699b0610151f60bfd1ab0c57ac94555e9cadba91d5be018678,30,50,84552,92962,8410,168.2,/mnt/infini-data/test/BeyondMimic/res/tracking/stage1_multisource_motion_bundle/motions/lafan1_fallandgetup1_subject4/motion.npz,15406878,e4ed27dca694c2f6cf575331183d329502f238d2ce6f2d45c6fe7199118d3fa5,-2.0550079345703125,2.8797481060028076,0.02869500033557415,0.8004299998283386,official HuggingFace LAFAN1 retargeted G1 36-column CSV
10,lafan1_fallandgetup1_subject5,Unitree-retargeted LAFAN1,36_column_csv,/mnt/infini-data/test/BeyondMimic/download/official/LAFAN1_Retargeting_Dataset/g1/fallAndGetUp1_subject5.csv,True,55a22ca723f26170aae8529ccb26dbda9bf2cb816b4f29eed3c57260dadb05ca,/mnt/infini-data/test/BeyondMimic/res/tracking/stage1_multisource_motion_bundle/csv/lafan1_fallandgetup1_subject5.csv,35fa1da0abb6f29492435bcd8ad36dfe6748e18814fdadc150c3d1c353eefa1f,30,50,92962,101372,8410,168.2,/mnt/infini-data/test/BeyondMimic/res/tracking/stage1_multisource_motion_bundle/motions/lafan1_fallandgetup1_subject5/motion.npz,15475552,de38caa3c281aafcdc9dcec925b1a109a2236af61ff74524b1db0266a60569c5,-2.222309112548828,2.876941680908203,0.09036800265312195,0.8061535954475403,official HuggingFace LAFAN1 retargeted G1 36-column CSV
11,lafan1_fallandgetup2_subject2,Unitree-retargeted LAFAN1,36_column_csv,/mnt/infini-data/test/BeyondMimic/download/official/LAFAN1_Retargeting_Dataset/g1/fallAndGetUp2_subject2.csv,True,49ae9726ae176b10b1213b441535946ffcca93586e1091e8398e239f4a049a47,/mnt/infini-data/test/BeyondMimic/res/tracking/stage1_multisource_motion_bundle/csv/lafan1_fallandgetup2_subject2.csv,e5aa3225d24794d01c74c09aa4d3c19239097ef206cb7b6a078d9d1af8b72beb,30,50,101372,109567,8195,163.9,/mnt/infini-data/test/BeyondMimic/res/tracking/stage1_multisource_motion_bundle/motions/lafan1_fallandgetup2_subject2/motion.npz,15078075,a2ad7746a6c463d61b5ce09349d7118d74f62fbc41aaa6cae15b53bf9fbcdfef,-2.2622804641723633,2.701010227203369,0.044162001460790634,0.7914487719535828,official HuggingFace LAFAN1 retargeted G1 36-column CSV
12,lafan1_fallandgetup2_subject3,Unitree-retargeted LAFAN1,36_column_csv,/mnt/infini-data/test/BeyondMimic/download/official/LAFAN1_Retargeting_Dataset/g1/fallAndGetUp2_subject3.csv,True,fa6e33725a450789160c8f3220b0a5e9001798f023fd14e3ff6c230a0829d75d,/mnt/infini-data/test/BeyondMimic/res/tracking/stage1_multisource_motion_bundle/csv/lafan1_fallandgetup2_subject3.csv,5eea7b460fc43403f50fc80af9539ee032fe398e8c4a0f26938fd0e9421bb400,30,50,109567,117762,8195,163.9,/mnt/infini-data/test/BeyondMimic/res/tracking/stage1_multisource_motion_bundle/motions/lafan1_fallandgetup2_subject3/motion.npz,15112956,09f708d015186660f102232dc98dc228fff97dbc9fac6d56e04a231168439b76,-2.0715177059173584,2.8131446838378906,0.0481720007956028,0.8686950206756592,official HuggingFace LAFAN1 retargeted G1 36-column CSV
13,lafan1_fallandgetup3_subject1,Unitree-retargeted LAFAN1,36_column_csv,/mnt/infini-data/test/BeyondMimic/download/official/LAFAN1_Retargeting_Dataset/g1/fallAndGetUp3_subject1.csv,True,fc00701411a270a9ab61c321ba836ba36437c61630c65f8fe276ac851f23ccd7,/mnt/infini-data/test/BeyondMimic/res/tracking/stage1_multisource_motion_bundle/csv/lafan1_fallandgetup3_subject1.csv,06d7d95750d63c2c1d2a07d7ed12a3e80afc34ca5a919a8544c9e5befd821956,30,50,117762,122871,5109,102.18,/mnt/infini-data/test/BeyondMimic/res/tracking/stage1_multisource_motion_bundle/motions/lafan1_fallandgetup3_subject1/motion.npz,9379028,b99de59c9c3a3448a975425a6f21e674bcd4c334044d881543f6c98e6655a434,-2.166213035583496,2.864274024963379,0.1255234032869339,0.806266188621521,official HuggingFace LAFAN1 retargeted G1 36-column CSV
14,lafan1_fight1_subject2,Unitree-retargeted LAFAN1,36_column_csv,/mnt/infini-data/test/BeyondMimic/download/official/LAFAN1_Retargeting_Dataset/g1/fight1_subject2.csv,True,c9ae5b9d90258061dfc79f617eaded73f2dde581fe37ac2d8e6b229c1a4a0ecb,/mnt/infini-data/test/BeyondMimic/res/tracking/stage1_multisource_motion_bundle/csv/lafan1_fight1_subject2.csv,afbf294a293e8a9a9b22ebb3d5732f92722e6d7fefe4f1a53f0f0859288ab701,30,50,122871,135115,12244,244.88,/mnt/infini-data/test/BeyondMimic/res/tracking/stage1_multisource_motion_bundle/motions/lafan1_fight1_subject2/motion.npz,22524290,fb66fe61e3a2e4d5cb2ef2d7c62455ffce9355a8eefa59a966b21871d1d1ef8a,-1.9535413980484009,2.7383410930633545,0.4202128052711487,0.9263017773628235,official HuggingFace LAFAN1 retargeted G1 36-column CSV
15,lafan1_fight1_subject3,Unitree-retargeted LAFAN1,36_column_csv,/mnt/infini-data/test/BeyondMimic/download/official/LAFAN1_Retargeting_Dataset/g1/fight1_subject3.csv,True,013b7219ddbbb37d17483d2bd0c28ae3d4307c2fec6d4180feed27c65d2acfcd,/mnt/infini-data/test/BeyondMimic/res/tracking/stage1_multisource_motion_bundle/csv/lafan1_fight1_subject3.csv,8ced351f9c1a2db5d2e89cc055c3dc1430bf923cd9d40742335168425b583c4f,30,50,135115,147359,12244,244.88,/mnt/infini-data/test/BeyondMimic/res/tracking/stage1_multisource_motion_bundle/motions/lafan1_fight1_subject3/motion.npz,22528857,2620a5400aa21ce90a735a8ea557ff17d34bba6570184e5514b488cb76f78427,-1.9195277690887451,2.6257948875427246,0.18291200697422028,0.9122952222824097,official HuggingFace LAFAN1 retargeted G1 36-column CSV
16,lafan1_fight1_subject5,Unitree-retargeted LAFAN1,36_column_csv,/mnt/infini-data/test/BeyondMimic/download/official/LAFAN1_Retargeting_Dataset/g1/fight1_subject5.csv,True,d1490265b7b8ee5ac488853a3933ebdaee8ba6c9ecb5ef300146330b51b8c0dc,/mnt/infini-data/test/BeyondMimic/res/tracking/stage1_multisource_motion_bundle/csv/lafan1_fight1_subject5.csv,2cdad878e34bb03ef9a259473858598c22781c76d9cf9e80443b96fa2923a6c0,30,50,147359,159603,12244,244.88,/mnt/infini-data/test/BeyondMimic/res/tracking/stage1_multisource_motion_bundle/motions/lafan1_fight1_subject5/motion.npz,22508964,ccf7bf253c1c99257c31f7fe0157b89642eacd25c8a4575b939a03ed57f6206f,-1.8204820156097412,2.3429200649261475,0.5743579864501953,0.910040020942688,official HuggingFace LAFAN1 retargeted G1 36-column CSV
17,lafan1_fightandsports1_subject1,Unitree-retargeted LAFAN1,36_column_csv,/mnt/infini-data/test/BeyondMimic/download/official/LAFAN1_Retargeting_Dataset/g1/fightAndSports1_subject1.csv,True,076c2614df1a155e52c2b14074da8aa3b209176d930d2e3ffd059a9e9847fdc2,/mnt/infini-data/test/BeyondMimic/res/tracking/stage1_multisource_motion_bundle/csv/lafan1_fightandsports1_subject1.csv,7d227403641ea2511bf141834c7a157b6673f598f9066910211f094f4f2d35b3,30,50,159603,171860,12257,245.14,/mnt/infini-data/test/BeyondMimic/res/tracking/stage1_multisource_motion_bundle/motions/lafan1_fightandsports1_subject1/motion.npz,22586570,f76ed47250d20b5bf1411af7de604dbae211185826ba3d8f9f583deef92f2e1d,-2.0211641788482666,2.820935010910034,0.24175359308719635,0.9082329869270325,official HuggingFace LAFAN1 retargeted G1 36-column CSV
18,lafan1_fightandsports1_subject4,Unitree-retargeted LAFAN1,36_column_csv,/mnt/infini-data/test/BeyondMimic/download/official/LAFAN1_Retargeting_Dataset/g1/fightAndSports1_subject4.csv,True,83e2f3ec77ab9d3edc43c73e1894b0be2d9d0b2361098294bb178ab5cf32a1d9,/mnt/infini-data/test/BeyondMimic/res/tracking/stage1_multisource_motion_bundle/csv/lafan1_fightandsports1_subject4.csv,75b6a33ef9feb0a3fa1795a53eda4b6995fd92a70ded9f5f869564206d3f01ab,30,50,171860,184117,12257,245.14,/mnt/infini-data/test/BeyondMimic/res/tracking/stage1_multisource_motion_bundle/motions/lafan1_fightandsports1_subject4/motion.npz,22610269,832613aa9a51ec4249ba58ba5a0076ba53bcd98f394f506d449d2c2ec0fe5083,-2.1349945068359375,2.7215359210968018,0.4614708125591278,0.9653728008270264,official HuggingFace LAFAN1 retargeted G1 36-column CSV
19,lafan1_jumps1_subject1,Unitree-retargeted LAFAN1,36_column_csv,/mnt/infini-data/test/BeyondMimic/download/official/LAFAN1_Retargeting_Dataset/g1/jumps1_subject1.csv,True,3f55c1a0f87564044a71817d62dc2a40aa76332aa1cab3f1c817333a197c78c2,/mnt/infini-data/test/BeyondMimic/res/tracking/stage1_multisource_motion_bundle/csv/lafan1_jumps1_subject1.csv,4c59306708c234d517a219b064f439a6bf57d66964d1147c75f0918a82e5ef1f,30,50,184117,196339,12222,244.44,/mnt/infini-data/test/BeyondMimic/res/tracking/stage1_multisource_motion_bundle/motions/lafan1_jumps1_subject1/motion.npz,22448047,d0070ff06645af405a6a095ca685657c97373433425c7c012fd594dbb1a0beb3,-1.6407049894332886,2.4400980472564697,0.5560163855552673,0.912011981010437,official HuggingFace LAFAN1 retargeted G1 36-column CSV
20,lafan1_jumps1_subject2,Unitree-retargeted LAFAN1,36_column_csv,/mnt/infini-data/test/BeyondMimic/download/official/LAFAN1_Retargeting_Dataset/g1/jumps1_subject2.csv,True,fde765a738e3aa586be3694163795502d4dc932757178956f4512e7c9d317a58,/mnt/infini-data/test/BeyondMimic/res/tracking/stage1_multisource_motion_bundle/csv/lafan1_jumps1_subject2.csv,ca46c793b330745d6490040d925f41cbb2c643809717c1aef34dbe093061f555,30,50,196339,208561,12222,244.44,/mnt/infini-data/test/BeyondMimic/res/tracking/stage1_multisource_motion_bundle/motions/lafan1_jumps1_subject2/motion.npz,22451962,a361f1b13fe70627478a0853a4460484bb9c6cc01532316465da8520041c8d44,-2.0706539154052734,2.6923089027404785,0.03720799833536148,0.8523467779159546,official HuggingFace LAFAN1 retargeted G1 36-column CSV
21,lafan1_jumps1_subject5,Unitree-retargeted LAFAN1,36_column_csv,/mnt/infini-data/test/BeyondMimic/download/official/LAFAN1_Retargeting_Dataset/g1/jumps1_subject5.csv,True,2f678d598faa9746aff778e92518970f51f0b1e08a10f05d0423a7cda3b9183c,/mnt/infini-data/test/BeyondMimic/res/tracking/stage1_multisource_motion_bundle/csv/lafan1_jumps1_subject5.csv,4cf5cddd9437162cf51898a7b88439361960c91286b013b493ec3445f91cfa90,30,50,208561,220783,12222,244.44,/mnt/infini-data/test/BeyondMimic/res/tracking/stage1_multisource_motion_bundle/motions/lafan1_jumps1_subject5/motion.npz,22397792,6b09ca2c03266d2193475337038b8ad1b313bb45c4938cc2b9dcdfa7612abe0a,-1.6528240442276,2.488354206085205,0.5960338115692139,0.8713949918746948,official HuggingFace LAFAN1 retargeted G1 36-column CSV
22,lafan1_run1_subject2,Unitree-retargeted LAFAN1,36_column_csv,/mnt/infini-data/test/BeyondMimic/download/official/LAFAN1_Retargeting_Dataset/g1/run1_subject2.csv,True,ec02af4447a62214a6fec6afff60c75d0ecc8f80f8fb45e3cd4119fed9ceac8d,/mnt/infini-data/test/BeyondMimic/res/tracking/stage1_multisource_motion_bundle/csv/lafan1_run1_subject2.csv,f5750d029c4d1f8bedf7876fc22afcdd932096f932c9dc4482f6b564aa023368,30,50,220783,232673,11890,237.8,/mnt/infini-data/test/BeyondMimic/res/tracking/stage1_multisource_motion_bundle/motions/lafan1_run1_subject2/motion.npz,21843129,bacfa9fede91afb6dc8204d093f19fabf56a918e0c11e71bc139757b2dcc2ce2,-1.7546627521514893,2.3731510639190674,0.5403980016708374,0.8473286032676697,official HuggingFace LAFAN1 retargeted G1 36-column CSV
23,lafan1_run1_subject5,Unitree-retargeted LAFAN1,36_column_csv,/mnt/infini-data/test/BeyondMimic/download/official/LAFAN1_Retargeting_Dataset/g1/run1_subject5.csv,True,eacc38d7d6f5d7f32bfefcdf5d91510fea5f815000be870f91cc6e3483a126f6,/mnt/infini-data/test/BeyondMimic/res/tracking/stage1_multisource_motion_bundle/csv/lafan1_run1_subject5.csv,7b18ccd04670a67526b21ad36e0c639abd0fa11d8e433e62f2206628d5694be6,30,50,232673,244563,11890,237.8,/mnt/infini-data/test/BeyondMimic/res/tracking/stage1_multisource_motion_bundle/motions/lafan1_run1_subject5/motion.npz,21903273,84c57a2e077c1ae3c64f5f4efd8401de8cae9bc4eda6b4923329a8bd2b8954f2,-1.646092414855957,2.2436769008636475,0.5595290064811707,0.8603934049606323,official HuggingFace LAFAN1 retargeted G1 36-column CSV
24,lafan1_run2_subject1,Unitree-retargeted LAFAN1,36_column_csv,/mnt/infini-data/test/BeyondMimic/download/official/LAFAN1_Retargeting_Dataset/g1/run2_subject1.csv,True,ae64767c4b4e8f59578c22c5848cefc569923fea8bd3755c8dfb02b5313773da,/mnt/infini-data/test/BeyondMimic/res/tracking/stage1_multisource_motion_bundle/csv/lafan1_run2_subject1.csv,1e66bdc9c2fdc169d10f6110a319fcedf63faec0504834e143a817dce505883b,30,50,244563,256803,12240,244.8,/mnt/infini-data/test/BeyondMimic/res/tracking/stage1_multisource_motion_bundle/motions/lafan1_run2_subject1/motion.npz,22570504,bb2c9328fa2065e20eba9bdc93c3600826add3dbd7b9d6ddf422f2c6f1c91745,-1.8417471647262573,2.578660488128662,0.5229634046554565,0.8045639991760254,official HuggingFace LAFAN1 retargeted G1 36-column CSV
25,lafan1_run2_subject4,Unitree-retargeted LAFAN1,36_column_csv,/mnt/infini-data/test/BeyondMimic/download/official/LAFAN1_Retargeting_Dataset/g1/run2_subject4.csv,True,2f0331426b74be03e87a2364733f8bf3262debdea54ab2c5059c2b707cff06f7,/mnt/infini-data/test/BeyondMimic/res/tracking/stage1_multisource_motion_bundle/csv/lafan1_run2_subject4.csv,4f613e7970885e4ae62558991bdabaf17557f0e22a203d51ab549de0951ba0b8,30,50,256803,269043,12240,244.8,/mnt/infini-data/test/BeyondMimic/res/tracking/stage1_multisource_motion_bundle/motions/lafan1_run2_subject4/motion.npz,22524063,7ab314b764e80432bce52fed99ef11df51479b402c49628e78ee466a6094a304,-1.6849230527877808,2.4959774017333984,0.5215787887573242,0.8278955817222595,official HuggingFace LAFAN1 retargeted G1 36-column CSV
26,lafan1_sprint1_subject2,Unitree-retargeted LAFAN1,36_column_csv,/mnt/infini-data/test/BeyondMimic/download/official/LAFAN1_Retargeting_Dataset/g1/sprint1_subject2.csv,True,7babbd9d0a3cebf040709cb75fbf4268e925e337a2d44600dcce3d3b2d24a818,/mnt/infini-data/test/BeyondMimic/res/tracking/stage1_multisource_motion_bundle/csv/lafan1_sprint1_subject2.csv,2545dbe9929609de957f7800801e58050868a6b28ed8a498ab95d1834ab43c9e,30,50,269043,282698,13655,273.1,/mnt/infini-data/test/BeyondMimic/res/tracking/stage1_multisource_motion_bundle/motions/lafan1_sprint1_subject2/motion.npz,24934618,9ffd14a5508008189637b7ca0c55f8a74b0c784f588bbf74bdb83ce3b2c51855,-1.9246731996536255,2.477057933807373,0.5773137807846069,0.8550260066986084,official HuggingFace LAFAN1 retargeted G1 36-column CSV
27,lafan1_sprint1_subject4,Unitree-retargeted LAFAN1,36_column_csv,/mnt/infini-data/test/BeyondMimic/download/official/LAFAN1_Retargeting_Dataset/g1/sprint1_subject4.csv,True,96d207b15323ef823274aa73ea1c2aaea7e98b4fe0f6de217332763bdf04ce00,/mnt/infini-data/test/BeyondMimic/res/tracking/stage1_multisource_motion_bundle/csv/lafan1_sprint1_subject4.csv,d4ad44450d340118b37f6ce456e4e1588ad254e0e26dabd190a1444c0695acae,30,50,282698,296353,13655,273.1,/mnt/infini-data/test/BeyondMimic/res/tracking/stage1_multisource_motion_bundle/motions/lafan1_sprint1_subject4/motion.npz,24725882,01e1f3056a6de54f63461b96dfde8f495c1fa8d96ebff893b2e616475c5693ac,-1.7733685970306396,2.6345043182373047,0.5533801913261414,0.8130350112915039,official HuggingFace LAFAN1 retargeted G1 36-column CSV
28,lafan1_walk1_subject1,Unitree-retargeted LAFAN1,36_column_csv,/mnt/infini-data/test/BeyondMimic/download/official/LAFAN1_Retargeting_Dataset/g1/walk1_subject1.csv,True,68c7887438e94f1f3d9ebacd3a8ce59251a22c7b05129a0f5d7cacaedc48c28d,/mnt/infini-data/test/BeyondMimic/res/tracking/stage1_multisource_motion_bundle/csv/lafan1_walk1_subject1.csv,ea40ceedae5d64dadc94400d457b9030e069c83376b5e2f94bc02cca86e5644c,30,50,296353,309418,13065,261.3,/mnt/infini-data/test/BeyondMimic/res/tracking/stage1_multisource_motion_bundle/motions/lafan1_walk1_subject1/motion.npz,23905328,5a66ae7ff370a285fbc26b8ab06248fb9d99726abf835af903ed5cc8f18cbfe2,-1.7867271900177002,1.7473770380020142,0.6321932077407837,0.8152210116386414,official HuggingFace LAFAN1 retargeted G1 36-column CSV
29,lafan1_walk1_subject2,Unitree-retargeted LAFAN1,36_column_csv,/mnt/infini-data/test/BeyondMimic/download/official/LAFAN1_Retargeting_Dataset/g1/walk1_subject2.csv,True,f8e6ccd5df574dcc5343a0a83d12efddfb5b34578b8b2f00582cb8098ed7fffc,/mnt/infini-data/test/BeyondMimic/res/tracking/stage1_multisource_motion_bundle/csv/lafan1_walk1_subject2.csv,514c5ba3d0a601fa47a77904be5c408387ef9f1fbe63665153c3ef9b7b189cf8,30,50,309418,322483,13065,261.3,/mnt/infini-data/test/BeyondMimic/res/tracking/stage1_multisource_motion_bundle/motions/lafan1_walk1_subject2/motion.npz,23992175,e3866fb4c44a611714c9bd04604aa81541326342427dcfc137f7238b40f4e4fc,-1.6446233987808228,1.635943055152893,0.6756110191345215,0.7971460223197937,official HuggingFace LAFAN1 retargeted G1 36-column CSV
30,lafan1_walk1_subject5,Unitree-retargeted LAFAN1,36_column_csv,/mnt/infini-data/test/BeyondMimic/download/official/LAFAN1_Retargeting_Dataset/g1/walk1_subject5.csv,True,5421216dfbd2f16a90b5a7a52d4530b6269f7f9407f7ccfd09b5e5d3a72117af,/mnt/infini-data/test/BeyondMimic/res/tracking/stage1_multisource_motion_bundle/csv/lafan1_walk1_subject5.csv,bbf3d69cc099e276866a5d0482ddf016585c759a3035a87a6d816c042b3eec7b,30,50,322483,335548,13065,261.3,/mnt/infini-data/test/BeyondMimic/res/tracking/stage1_multisource_motion_bundle/motions/lafan1_walk1_subject5/motion.npz,24001524,47ce31cf0576fa312720b63423b075d76eb406097fcb661d7a7d0de2f93184b3,-1.6744203567504883,1.8951257467269897,0.6219130158424377,0.8060470223426819,official HuggingFace LAFAN1 retargeted G1 36-column CSV
31,lafan1_walk2_subject1,Unitree-retargeted LAFAN1,36_column_csv,/mnt/infini-data/test/BeyondMimic/download/official/LAFAN1_Retargeting_Dataset/g1/walk2_subject1.csv,True,51cf310f14ecbb8be1f41ea09345df0c89024ff884fb9ab881cac339f820c787,/mnt/infini-data/test/BeyondMimic/res/tracking/stage1_multisource_motion_bundle/csv/lafan1_walk2_subject1.csv,1bd3d7c17b242018c0b19708bd6cf55ebd30c1148acd8ab69bb9b5fc1fa29acd,30,50,335548,347457,11909,238.18,/mnt/infini-data/test/BeyondMimic/res/tracking/stage1_multisource_motion_bundle/motions/lafan1_walk2_subject1/motion.npz,21782305,abf998b27907a2ffce146c27385b516e8c65e9daa18ec252140f78728607542b,-1.947005033493042,2.500523090362549,0.42095300555229187,0.8527539968490601,official HuggingFace LAFAN1 retargeted G1 36-column CSV
32,lafan1_walk2_subject3,Unitree-retargeted LAFAN1,36_column_csv,/mnt/infini-data/test/BeyondMimic/download/official/LAFAN1_Retargeting_Dataset/g1/walk2_subject3.csv,True,43a4342a9534ebb49e0dd9ef11ff40bf8a11d4925dac86352ebc7e7ae1220644,/mnt/infini-data/test/BeyondMimic/res/tracking/stage1_multisource_motion_bundle/csv/lafan1_walk2_subject3.csv,b4a59759f70403d1b7d37f2b3e919c0dcbc7716218f3732ac427fdc40e690d56,30,50,347457,359366,11909,238.18,/mnt/infini-data/test/BeyondMimic/res/tracking/stage1_multisource_motion_bundle/motions/lafan1_walk2_subject3/motion.npz,21885656,fb96bfa4443a4b23d280e337bc805491f4600ecb0e12e61213b2663a436096b6,-2.042396068572998,2.8676939010620117,0.32334598898887634,0.8576368093490601,official HuggingFace LAFAN1 retargeted G1 36-column CSV
33,lafan1_walk2_subject4,Unitree-retargeted LAFAN1,36_column_csv,/mnt/infini-data/test/BeyondMimic/download/official/LAFAN1_Retargeting_Dataset/g1/walk2_subject4.csv,True,d8e8d0383a64f0277218c0c490d55e4fcc20bd14776c0c8772f38a0cd4b88679,/mnt/infini-data/test/BeyondMimic/res/tracking/stage1_multisource_motion_bundle/csv/lafan1_walk2_subject4.csv,db67a0c475adee78d152b9f1a27055508de751541a856610276c58cc967fd933,30,50,359366,371275,11909,238.18,/mnt/infini-data/test/BeyondMimic/res/tracking/stage1_multisource_motion_bundle/motions/lafan1_walk2_subject4/motion.npz,21790820,dab0b2d62d6d9783a862fd8b5c7ac9d2ea5e88d5cbf02550b428270712d3c635,-1.9088492393493652,2.520314931869507,0.5427032113075256,0.853518009185791,official HuggingFace LAFAN1 retargeted G1 36-column CSV
34,lafan1_walk3_subject1,Unitree-retargeted LAFAN1,36_column_csv,/mnt/infini-data/test/BeyondMimic/download/official/LAFAN1_Retargeting_Dataset/g1/walk3_subject1.csv,True,22ab870d9957a62c1dfe3c1ec0a8a9af84c6c965065fff6fc936c3fac21d16eb,/mnt/infini-data/test/BeyondMimic/res/tracking/stage1_multisource_motion_bundle/csv/lafan1_walk3_subject1.csv,fa2a0a2c8a5bdcd64825249e2f527119d9269bb3ca775fcd07d46743829015c8,30,50,371275,383605,12330,246.6,/mnt/infini-data/test/BeyondMimic/res/tracking/stage1_multisource_motion_bundle/motions/lafan1_walk3_subject1/motion.npz,22538109,b3dde39071d432208bcd0cc208e2494d12bf1d3cb0ef22ba38f0697ad39d4ba9,-2.0318024158477783,2.768444061279297,0.11033380031585693,0.8132243752479553,official HuggingFace LAFAN1 retargeted G1 36-column CSV
35,lafan1_walk3_subject2,Unitree-retargeted LAFAN1,36_column_csv,/mnt/infini-data/test/BeyondMimic/download/official/LAFAN1_Retargeting_Dataset/g1/walk3_subject2.csv,True,55e8b8fe0e6a9a62b1f437985c4456055d750c75f46a17adbcbe3392fd33c674,/mnt/infini-data/test/BeyondMimic/res/tracking/stage1_multisource_motion_bundle/csv/lafan1_walk3_subject2.csv,88df479372d66c159e76abb879b2c587c457a82f3713d7d262d74513479765cf,30,50,383605,395935,12330,246.6,/mnt/infini-data/test/BeyondMimic/res/tracking/stage1_multisource_motion_bundle/motions/lafan1_walk3_subject2/motion.npz,22627172,0ad4868422b75322bd7431d5efa9399f1ba1d50a8f12515df39384bab6f0d7a7,-1.617087960243225,2.2202107906341553,0.6521999835968018,0.7949973940849304,official HuggingFace LAFAN1 retargeted G1 36-column CSV
36,lafan1_walk3_subject3,Unitree-retargeted LAFAN1,36_column_csv,/mnt/infini-data/test/BeyondMimic/download/official/LAFAN1_Retargeting_Dataset/g1/walk3_subject3.csv,True,2819b75eceef11856e9c3e7aea931eafcd03dddb0d5c1f68353ba0b3dd9fc574,/mnt/infini-data/test/BeyondMimic/res/tracking/stage1_multisource_motion_bundle/csv/lafan1_walk3_subject3.csv,bfa6e146c1337f3acc846bca4337adb9e697ecbf9b988c175bcff3d04a32634b,30,50,395935,408265,12330,246.6,/mnt/infini-data/test/BeyondMimic/res/tracking/stage1_multisource_motion_bundle/motions/lafan1_walk3_subject3/motion.npz,22565576,8496e2c023083fdc0c0146572e876535e083550cbae8db08577d96f33f00e29b,-1.979610800743103,2.8599233627319336,0.33638718724250793,0.8635950088500977,official HuggingFace LAFAN1 retargeted G1 36-column CSV
37,lafan1_walk3_subject4,Unitree-retargeted LAFAN1,36_column_csv,/mnt/infini-data/test/BeyondMimic/download/official/LAFAN1_Retargeting_Dataset/g1/walk3_subject4.csv,True,11a79dd8c534a562b99abdb42a221064b2b2166948d088f7ca9b63ac13f25368,/mnt/infini-data/test/BeyondMimic/res/tracking/stage1_multisource_motion_bundle/csv/lafan1_walk3_subject4.csv,2b9d2330b1bbdf784af46ece7486e5ee61593349f35b512b54f1fb08a2cbbafd,30,50,408265,420595,12330,246.6,/mnt/infini-data/test/BeyondMimic/res/tracking/stage1_multisource_motion_bundle/motions/lafan1_walk3_subject4/motion.npz,22555940,87ba31360cfc8ef589b64e46cecf9d029cb892799f4c127625f7b1646fd5d61e,-2.0979669094085693,2.8694262504577637,0.04567839950323105,0.8066431879997253,official HuggingFace LAFAN1 retargeted G1 36-column CSV
38,lafan1_walk3_subject5,Unitree-retargeted LAFAN1,36_column_csv,/mnt/infini-data/test/BeyondMimic/download/official/LAFAN1_Retargeting_Dataset/g1/walk3_subject5.csv,True,2f2878a45d6345d78d5f7a1d35ab05cc96cf5d22b1be822bb4b07eab99096b85,/mnt/infini-data/test/BeyondMimic/res/tracking/stage1_multisource_motion_bundle/csv/lafan1_walk3_subject5.csv,8d1feb6ffa393f00218ad70916546a13445b67d7e6722e905ddc6d513b719a1c,30,50,420595,432925,12330,246.6,/mnt/infini-data/test/BeyondMimic/res/tracking/stage1_multisource_motion_bundle/motions/lafan1_walk3_subject5/motion.npz,22641147,aaaa5a5e23cb310dbddff630eb69b6aa46313d6397271e666da7231e502888a8,-1.6344499588012695,2.0733916759490967,0.557328999042511,0.791809618473053,official HuggingFace LAFAN1 retargeted G1 36-column CSV
39,lafan1_walk4_subject1,Unitree-retargeted LAFAN1,36_column_csv,/mnt/infini-data/test/BeyondMimic/download/official/LAFAN1_Retargeting_Dataset/g1/walk4_subject1.csv,True,03fe681190873e70d2b5635dc35aa228084136fcd61f1a0dcfcd6c25e12cdbaa,/mnt/infini-data/test/BeyondMimic/res/tracking/stage1_multisource_motion_bundle/csv/lafan1_walk4_subject1.csv,da3252559afb774f485a05b643627eb348b274e422deda85e7ceb8607d94414a,30,50,432925,441120,8195,163.9,/mnt/infini-data/test/BeyondMimic/res/tracking/stage1_multisource_motion_bundle/motions/lafan1_walk4_subject1/motion.npz,14950468,66d4497230b3609a6625ade24598882863c57e604192dc19da4a8b0ee6db0452,-1.8725030422210693,2.0645623207092285,0.5650697946548462,0.7994341850280762,official HuggingFace LAFAN1 retargeted G1 36-column CSV
40,zenodo_tkd_skill,BeyondMimic Zenodo ablation reference CSV,36_column_csv,/mnt/infini-data/test/BeyondMimic/Dataset_beyondmimic/ablation/tkd_skill.csv,True,cbfc417f21f5e676cc4e1633d84c399eb3e654473368a29ba35fa0699daef836,/mnt/infini-data/test/BeyondMimic/res/tracking/stage1_multisource_motion_bundle/csv/zenodo_tkd_skill.csv,a8bbeeb02eda1657fc18315f35d45321d98fd420192a1d69f61e4ba50f5f18df,30,50,441120,441672,552,11.04,/mnt/infini-data/test/BeyondMimic/res/tracking/stage1_multisource_motion_bundle/motions/zenodo_tkd_skill/motion.npz,985107,82d64ffd98fe974b4f17a93045c7ce2e56617d3c27681ac41fc35f3f34752aae,-1.9006249904632568,1.8775827884674072,0.645035982131958,1.0813608169555664,"single 36-column tkd_skill.csv; unlike rosbag/mcap files, this is a generalized-coordinate reference candidate"
41,hub_singleleg_video_single_leg_stand_1,HuB supplemental 29-DoF pkl,converted_29dof_pkl,/mnt/infini-data/test/BeyondMimic/download/_supplemental/hub_data/drive_folder/singleleg.pkl,True,02e2cde09c908933782ef1136ab8bf287dfe1032330e2b7f290c7771101b11e9,/mnt/infini-data/test/BeyondMimic/res/tracking/stage1_multisource_motion_bundle/csv/hub_singleleg_video_single_leg_stand_1.csv,e30733f25a03d94a3444e46d81bfc02e9b38258b9fd636cb298de18ec83ebf5c,30,50,441672,442471,799,15.98,/mnt/infini-data/test/BeyondMimic/res/tracking/stage1_multisource_motion_bundle/motions/hub_singleleg_video_single_leg_stand_1/motion.npz,1072076,94f335e50fa538dd9b7bd8a3714c5b774752cbd1bb4d8f862188f65e55da9669,-0.734378457069397,1.8382035493850708,0.7983412742614746,0.8163037300109863,converted from pkl motion key video-single_leg_stand_1; root_rot assumed xyzw following local ASAP/PBHC viewers
42,hub_swallow_balance_video_swift0322,HuB supplemental 29-DoF pkl,converted_29dof_pkl,/mnt/infini-data/test/BeyondMimic/download/_supplemental/hub_data/drive_folder/swallow_balance.pkl,True,0d7e1c6e7ee02f3f1f9a374fb350a7c2f5a07bb2444038dfdca8696f2e3935f5,/mnt/infini-data/test/BeyondMimic/res/tracking/stage1_multisource_motion_bundle/csv/hub_swallow_balance_video_swift0322.csv,bf5ba9dcb3eafba2fcbe7cc514ae6c60fe86bf9c05c01a211167f8a9c65832cf,30,50,442471,443321,850,17.0,/mnt/infini-data/test/BeyondMimic/res/tracking/stage1_multisource_motion_bundle/motions/hub_swallow_balance_video_swift0322/motion.npz,1295179,3400a180a4269e3d9ee17cd5640549f4099eb08459ccc21081df66347cae2e20,-1.9508432149887085,1.8951435089111328,0.7709202170372009,0.8036956191062927,converted from pkl motion key video-swift0322; root_rot assumed xyzw following local ASAP/PBHC viewers
43,hub_bruce_lee_video_lixiaolong_2_fixfirst90,HuB supplemental 29-DoF pkl,converted_29dof_pkl,/mnt/infini-data/test/BeyondMimic/download/_supplemental/hub_data/drive_folder/bruce_lee.pkl,True,e784de60d78c2f89067e633f2de227926b7c57fa78ede2c1af719c1c6655d3b3,/mnt/infini-data/test/BeyondMimic/res/tracking/stage1_multisource_motion_bundle/csv/hub_bruce_lee_video_lixiaolong_2_fixfirst90.csv,649d340133314a558c0bf32b9635c4d20ee26e7efc12b2823c5b50de00b5dfa0,30,50,443321,444046,725,14.5,/mnt/infini-data/test/BeyondMimic/res/tracking/stage1_multisource_motion_bundle/motions/hub_bruce_lee_video_lixiaolong_2_fixfirst90/motion.npz,774642,a78def78c7377f43f8b1c33b32e906223a864166c1965972dc0c954dc104df4f,-2.3148553371429443,2.0453383922576904,0.7808898687362671,0.8142213225364685,converted from pkl motion key video-lixiaolong_2_fixfirst90; root_rot assumed xyzw following local ASAP/PBHC viewers
44,hub_bruce_lee_video_lixiaolong_3_fixfirst90,HuB supplemental 29-DoF pkl,converted_29dof_pkl,/mnt/infini-data/test/BeyondMimic/download/_supplemental/hub_data/drive_folder/bruce_lee.pkl,True,e784de60d78c2f89067e633f2de227926b7c57fa78ede2c1af719c1c6655d3b3,/mnt/infini-data/test/BeyondMimic/res/tracking/stage1_multisource_motion_bundle/csv/hub_bruce_lee_video_lixiaolong_3_fixfirst90.csv,4a1c4efbea67882507bf1bf63183023ffc8fe135b0528a6da017db6acbf3c17c,30,50,444046,444811,765,15.3,/mnt/infini-data/test/BeyondMimic/res/tracking/stage1_multisource_motion_bundle/motions/hub_bruce_lee_video_lixiaolong_3_fixfirst90/motion.npz,848212,c96db36411bc347c3b806d5e683b42b65b4caa8b74033c1c0723f8ad07fd978f,-2.285855531692505,2.152041435241699,0.7936039566993713,0.8052157759666443,converted from pkl motion key video-lixiaolong_3_fixfirst90; root_rot assumed xyzw following local ASAP/PBHC viewers
45,hub_nezha_video_wukong_3_fixmid90,HuB supplemental 29-DoF pkl,converted_29dof_pkl,/mnt/infini-data/test/BeyondMimic/download/_supplemental/hub_data/drive_folder/nezha.pkl,True,ed0c516ce602f8bf67a33e567ce577b797e6fa13938b05f3c6c74db22c218eaa,/mnt/infini-data/test/BeyondMimic/res/tracking/stage1_multisource_motion_bundle/csv/hub_nezha_video_wukong_3_fixmid90.csv,0e5205727808d46990586f47bc7df9a09d55405f0cbbd132b313d1ed6e53fc42,30,50,444811,445560,749,14.98,/mnt/infini-data/test/BeyondMimic/res/tracking/stage1_multisource_motion_bundle/motions/hub_nezha_video_wukong_3_fixmid90/motion.npz,1065941,b6cf19d258083e47a2682da6a482cbd7da95ea4cfc5c3a126ec61cb439988885,-1.5775270462036133,1.6440714597702026,0.7871420979499817,0.7947587966918945,converted from pkl motion key video-wukong_3_fixmid90; root_rot assumed xyzw following local ASAP/PBHC viewers
46,hub_nezha_video_wukong_6_mirror_fixmid90,HuB supplemental 29-DoF pkl,converted_29dof_pkl,/mnt/infini-data/test/BeyondMimic/download/_supplemental/hub_data/drive_folder/nezha.pkl,True,ed0c516ce602f8bf67a33e567ce577b797e6fa13938b05f3c6c74db22c218eaa,/mnt/infini-data/test/BeyondMimic/res/tracking/stage1_multisource_motion_bundle/csv/hub_nezha_video_wukong_6_mirror_fixmid90.csv,47b7adec2ca3cffd22251fd5b4858576287c5f96993e12dd9072097fe5dd0d49,30,50,445560,446342,782,15.64,/mnt/infini-data/test/BeyondMimic/res/tracking/stage1_multisource_motion_bundle/motions/hub_nezha_video_wukong_6_mirror_fixmid90/motion.npz,1131361,f0534f5d4a484712519bfc19140387f8889cfc199414534a645a2b08e3906bbb,-1.7696144580841064,1.9197214841842651,0.7834222316741943,0.797426700592041,converted from pkl motion key video-wukong_6_mirror_fixmid90; root_rot assumed xyzw following local ASAP/PBHC viewers
47,hub_squat_video_squat_18,HuB supplemental 29-DoF pkl,converted_29dof_pkl,/mnt/infini-data/test/BeyondMimic/download/_supplemental/hub_data/drive_folder/squat.pkl,True,5341c354caeaa8ce4e6ecb74eb03b4dd787acf7f869a1775950b788ea44d7b95,/mnt/infini-data/test/BeyondMimic/res/tracking/stage1_multisource_motion_bundle/csv/hub_squat_video_squat_18.csv,f11d8f26c4a7260b0d5c7732fb856c319af9013a9e824c703456b2431d577b0f,20,50,446342,447313,971,19.42,/mnt/infini-data/test/BeyondMimic/res/tracking/stage1_multisource_motion_bundle/motions/hub_squat_video_squat_18/motion.npz,1248953,3eb9c85ea5bcf38158b5861c25d4965db1d8d769b271e1e0383ba8f3e8da97c3,-2.6858396530151367,2.1519908905029297,0.43082645535469055,0.8108848333358765,converted from pkl motion key video-squat-18; root_rot assumed xyzw following local ASAP/PBHC viewers
48,hub_squat_video_squat_4,HuB supplemental 29-DoF pkl,converted_29dof_pkl,/mnt/infini-data/test/BeyondMimic/download/_supplemental/hub_data/drive_folder/squat.pkl,True,5341c354caeaa8ce4e6ecb74eb03b4dd787acf7f869a1775950b788ea44d7b95,/mnt/infini-data/test/BeyondMimic/res/tracking/stage1_multisource_motion_bundle/csv/hub_squat_video_squat_4.csv,0853ca11fc38c9b8d097bdb89483334cfbcd897d1c6bdea5554ce19278eee083,20,50,447313,448358,1045,20.9,/mnt/infini-data/test/BeyondMimic/res/tracking/stage1_multisource_motion_bundle/motions/hub_squat_video_squat_4/motion.npz,1386756,a5a285f77a7d59b7a356e64fe0ceac8219fbdb54b71097ec024b3d150202aab5,-2.2836861610412598,2.1962623596191406,0.40805503726005554,0.8162808418273926,converted from pkl motion key video-squat-4; root_rot assumed xyzw following local ASAP/PBHC viewers
