video_path,stage,duration_seconds,resolution,frames,status,visual_description,suspected_problem
download/dependencies/IsaacLab-v2.1.0/docs/source/_static/setup/cloudxr_bimanual_teleop.gif,unknown,,,,unknown,indexed local video; inspect frames/thumbnails for qualitative judgment,
download/dependencies/IsaacLab-v2.1.0/docs/source/_static/tasks/manipulation/gr-1_pick_place.gif,unknown,,,,unknown,indexed local video; inspect frames/thumbnails for qualitative judgment,
download/reference_code/ASAP/imgs/asap-sim2sim-clip0-ezgif.com-video-to-gif-converter.gif,unknown,,,,unknown,indexed local video; inspect frames/thumbnails for qualitative judgment,
download/reference_code/ASAP/imgs/asap-sim2sim-clip1-ezgif.com-video-to-gif-converter.gif,unknown,,,,unknown,indexed local video; inspect frames/thumbnails for qualitative judgment,
download/reference_code/ASAP/imgs/asap-sim2sim-clip3-ezgif.com-video-to-gif-converter.gif,unknown,,,,unknown,indexed local video; inspect frames/thumbnails for qualitative judgment,
download/reference_code/ASAP/imgs/asap-sim2sim-clip4-ezgif.com-video-to-gif-converter.gif,unknown,,,,unknown,indexed local video; inspect frames/thumbnails for qualitative judgment,
download/reference_code/ASAP/imgs/asap-sim2sim-clip5-ezgif.com-video-to-gif-converter.gif,unknown,,,,unknown,indexed local video; inspect frames/thumbnails for qualitative judgment,
download/reference_code/ASAP/imgs/asap-sim2sim-clip6-ezgif.com-video-to-gif-converter.gif,unknown,,,,unknown,indexed local video; inspect frames/thumbnails for qualitative judgment,
download/reference_code/ASAP/imgs/g1_29dof_anneal_23dof_motion.gif,unknown,,,,unknown,indexed local video; inspect frames/thumbnails for qualitative judgment,
download/reference_code/ASAP/imgs/g1_29dof_anneal_23dof_sidejump_level3-2025-08-11_10.57.00-ezgif.com-video-to-gif-converter (1).gif,unknown,,,,unknown,indexed local video; inspect frames/thumbnails for qualitative judgment,
download/reference_code/ASAP/imgs/g1_29dof_anneal_23dof_sidejump_level3-2025-08-11_10.57.00-ezgif.com-video-to-gif-converter.gif,unknown,,,,unknown,indexed local video; inspect frames/thumbnails for qualitative judgment,
download/reference_code/ASAP/imgs/motion_tracking_5800.gif,unknown,,,,unknown,indexed local video; inspect frames/thumbnails for qualitative judgment,
download/reference_code/diffusion-motion-inbetweening/assets/example_conditional_sparse_T.gif,unknown,,,,unknown,indexed local video; inspect frames/thumbnails for qualitative judgment,
download/reference_code/diffusion-motion-inbetweening/assets/example_text_only.gif,unknown,,,,unknown,indexed local video; inspect frames/thumbnails for qualitative judgment,
download/reference_code/guided-motion-diffusion/assets/example_kps.gif,unknown,,,,unknown,indexed local video; inspect frames/thumbnails for qualitative judgment,
download/reference_code/guided-motion-diffusion/assets/example_sdf.gif,unknown,,,,unknown,indexed local video; inspect frames/thumbnails for qualitative judgment,
download/reference_code/guided-motion-diffusion/assets/example_text_only.gif,unknown,,,,unknown,indexed local video; inspect frames/thumbnails for qualitative judgment,
download/reference_code/guided-motion-diffusion/assets/example_trajectory.gif,unknown,,,,unknown,indexed local video; inspect frames/thumbnails for qualitative judgment,
download/reference_code/latent-diffusion/assets/results.gif,unknown,,,,unknown,indexed local video; inspect frames/thumbnails for qualitative judgment,
download/reference_code/mjlab/docs/source/_static/content/cartpole_trained.gif,unknown,,,,unknown,indexed local video; inspect frames/thumbnails for qualitative judgment,
download/reference_code/mjlab/docs/source/_static/content/nan_debug.gif,unknown,,,,unknown,indexed local video; inspect frames/thumbnails for qualitative judgment,
download/reference_code/mjlab/docs/source/_static/dr_combined_rand.gif,unknown,,,,unknown,indexed local video; inspect frames/thumbnails for qualitative judgment,
download/reference_code/mjlab/docs/source/_static/dr_pseudo_inertia.gif,unknown,,,,unknown,indexed local video; inspect frames/thumbnails for qualitative judgment,
download/reference_code/mjlab/docs/source/_static/pattern_grid.mp4,unknown,7.383333,960x540,443,unknown,indexed local video; inspect frames/thumbnails for qualitative judgment,
download/reference_code/mjlab/docs/source/_static/pattern_pinhole.mp4,unknown,13.183333,960x540,791,unknown,indexed local video; inspect frames/thumbnails for qualitative judgment,
download/reference_code/mjlab/docs/source/_static/ray_alignment_comparison.mp4,unknown,6.000000,2560x640,300,unknown,indexed local video; inspect frames/thumbnails for qualitative judgment,
download/reference_code/mjlab/docs/source/_static/raycast_demo.mp4,unknown,20.000000,800x600,1000,unknown,indexed local video; inspect frames/thumbnails for qualitative judgment,
download/reference_code/mjlab/docs/source/_static/tutorials/cartpole_swingup.mp4,unknown,7.350000,2868x1544,441,unknown,indexed local video; inspect frames/thumbnails for qualitative judgment,
download/reference_code/motion-diffusion-model/assets/example_stick_fig.gif,unknown,,,,unknown,indexed local video; inspect frames/thumbnails for qualitative judgment,
download/reference_code/motion-diffusion-model/assets/in_between_edit.gif,unknown,,,,unknown,indexed local video; inspect frames/thumbnails for qualitative judgment,
download/reference_code/motion-diffusion-model/assets/upper_body_edit.gif,unknown,,,,unknown,indexed local video; inspect frames/thumbnails for qualitative judgment,
download/reference_code/unitree_rl_mjlab/doc/gif/g1-mimic-real.gif,unknown,,,,unknown,indexed local video; inspect frames/thumbnails for qualitative judgment,
download/reference_code/unitree_rl_mjlab/doc/gif/g1-mimic.gif,unknown,,,,unknown,indexed local video; inspect frames/thumbnails for qualitative judgment,
download/reference_code/unitree_rl_mjlab/doc/gif/g1-velocity-real.gif,unknown,,,,unknown,indexed local video; inspect frames/thumbnails for qualitative judgment,
download/reference_code/unitree_rl_mjlab/doc/gif/g1-velocity.gif,unknown,,,,unknown,indexed local video; inspect frames/thumbnails for qualitative judgment,
download/reference_code/unitree_rl_mjlab/doc/gif/go2-velocity-real.gif,unknown,,,,unknown,indexed local video; inspect frames/thumbnails for qualitative judgment,
download/reference_code/unitree_rl_mjlab/doc/gif/go2-velocity.gif,unknown,,,,unknown,indexed local video; inspect frames/thumbnails for qualitative judgment,
download/reference_code/unitree_rl_mjlab/doc/gif/h1_2-velocity-real.gif,unknown,,,,unknown,indexed local video; inspect frames/thumbnails for qualitative judgment,
download/reference_code/unitree_rl_mjlab/doc/gif/h1_2-velocity.gif,unknown,,,,unknown,indexed local video; inspect frames/thumbnails for qualitative judgment,
envs/bm_analysis/lib/python3.10/idlelib/Icons/folder.gif,unknown,,,,unknown,indexed local video; inspect frames/thumbnails for qualitative judgment,
envs/bm_analysis/lib/python3.10/idlelib/Icons/idle_16.gif,unknown,,,,unknown,indexed local video; inspect frames/thumbnails for qualitative judgment,
envs/bm_analysis/lib/python3.10/idlelib/Icons/idle_32.gif,unknown,,,,unknown,indexed local video; inspect frames/thumbnails for qualitative judgment,
envs/bm_analysis/lib/python3.10/idlelib/Icons/idle_48.gif,unknown,,,,unknown,indexed local video; inspect frames/thumbnails for qualitative judgment,
envs/bm_analysis/lib/python3.10/idlelib/Icons/minusnode.gif,unknown,,,,unknown,indexed local video; inspect frames/thumbnails for qualitative judgment,
envs/bm_analysis/lib/python3.10/idlelib/Icons/openfolder.gif,unknown,,,,unknown,indexed local video; inspect frames/thumbnails for qualitative judgment,
envs/bm_analysis/lib/python3.10/idlelib/Icons/plusnode.gif,unknown,,,,unknown,indexed local video; inspect frames/thumbnails for qualitative judgment,
envs/bm_analysis/lib/python3.10/idlelib/Icons/python.gif,unknown,,,,unknown,indexed local video; inspect frames/thumbnails for qualitative judgment,
envs/bm_analysis/lib/python3.10/idlelib/Icons/tk.gif,unknown,,,,unknown,indexed local video; inspect frames/thumbnails for qualitative judgment,
envs/bm_analysis/lib/tk8.6/demos/images/earth.gif,unknown,,,,unknown,indexed local video; inspect frames/thumbnails for qualitative judgment,
envs/bm_analysis/lib/tk8.6/demos/images/earthris.gif,unknown,,,,unknown,indexed local video; inspect frames/thumbnails for qualitative judgment,
envs/bm_analysis/lib/tk8.6/demos/images/tcllogo.gif,unknown,,,,unknown,indexed local video; inspect frames/thumbnails for qualitative judgment,
envs/bm_analysis/lib/tk8.6/images/logo100.gif,unknown,,,,unknown,indexed local video; inspect frames/thumbnails for qualitative judgment,
envs/bm_analysis/lib/tk8.6/images/logo64.gif,unknown,,,,unknown,indexed local video; inspect frames/thumbnails for qualitative judgment,
envs/bm_analysis/lib/tk8.6/images/logoLarge.gif,unknown,,,,unknown,indexed local video; inspect frames/thumbnails for qualitative judgment,
envs/bm_analysis/lib/tk8.6/images/logoMed.gif,unknown,,,,unknown,indexed local video; inspect frames/thumbnails for qualitative judgment,
envs/bm_analysis/lib/tk8.6/images/pwrdLogo100.gif,unknown,,,,unknown,indexed local video; inspect frames/thumbnails for qualitative judgment,
envs/bm_analysis/lib/tk8.6/images/pwrdLogo150.gif,unknown,,,,unknown,indexed local video; inspect frames/thumbnails for qualitative judgment,
envs/bm_analysis/lib/tk8.6/images/pwrdLogo175.gif,unknown,,,,unknown,indexed local video; inspect frames/thumbnails for qualitative judgment,
envs/bm_analysis/lib/tk8.6/images/pwrdLogo200.gif,unknown,,,,unknown,indexed local video; inspect frames/thumbnails for qualitative judgment,
envs/bm_analysis/lib/tk8.6/images/pwrdLogo75.gif,unknown,,,,unknown,indexed local video; inspect frames/thumbnails for qualitative judgment,
envs/bm_analysis/lib/tk8.6/images/tai-ku.gif,unknown,,,,unknown,indexed local video; inspect frames/thumbnails for qualitative judgment,
envs/bm_diffusion/lib/python3.10/idlelib/Icons/folder.gif,unknown,,,,unknown,indexed local video; inspect frames/thumbnails for qualitative judgment,
envs/bm_diffusion/lib/python3.10/idlelib/Icons/idle_16.gif,unknown,,,,unknown,indexed local video; inspect frames/thumbnails for qualitative judgment,
envs/bm_diffusion/lib/python3.10/idlelib/Icons/idle_32.gif,unknown,,,,unknown,indexed local video; inspect frames/thumbnails for qualitative judgment,
envs/bm_diffusion/lib/python3.10/idlelib/Icons/idle_48.gif,unknown,,,,unknown,indexed local video; inspect frames/thumbnails for qualitative judgment,
envs/bm_diffusion/lib/python3.10/idlelib/Icons/minusnode.gif,unknown,,,,unknown,indexed local video; inspect frames/thumbnails for qualitative judgment,
envs/bm_diffusion/lib/python3.10/idlelib/Icons/openfolder.gif,unknown,,,,unknown,indexed local video; inspect frames/thumbnails for qualitative judgment,
envs/bm_diffusion/lib/python3.10/idlelib/Icons/plusnode.gif,unknown,,,,unknown,indexed local video; inspect frames/thumbnails for qualitative judgment,
envs/bm_diffusion/lib/python3.10/idlelib/Icons/python.gif,unknown,,,,unknown,indexed local video; inspect frames/thumbnails for qualitative judgment,
envs/bm_diffusion/lib/python3.10/idlelib/Icons/tk.gif,unknown,,,,unknown,indexed local video; inspect frames/thumbnails for qualitative judgment,
envs/bm_diffusion/lib/tk8.6/demos/images/earth.gif,unknown,,,,unknown,indexed local video; inspect frames/thumbnails for qualitative judgment,
envs/bm_diffusion/lib/tk8.6/demos/images/earthris.gif,unknown,,,,unknown,indexed local video; inspect frames/thumbnails for qualitative judgment,
envs/bm_diffusion/lib/tk8.6/demos/images/tcllogo.gif,unknown,,,,unknown,indexed local video; inspect frames/thumbnails for qualitative judgment,
envs/bm_diffusion/lib/tk8.6/images/logo100.gif,unknown,,,,unknown,indexed local video; inspect frames/thumbnails for qualitative judgment,
envs/bm_diffusion/lib/tk8.6/images/logo64.gif,unknown,,,,unknown,indexed local video; inspect frames/thumbnails for qualitative judgment,
envs/bm_diffusion/lib/tk8.6/images/logoLarge.gif,unknown,,,,unknown,indexed local video; inspect frames/thumbnails for qualitative judgment,
envs/bm_diffusion/lib/tk8.6/images/logoMed.gif,unknown,,,,unknown,indexed local video; inspect frames/thumbnails for qualitative judgment,
envs/bm_diffusion/lib/tk8.6/images/pwrdLogo100.gif,unknown,,,,unknown,indexed local video; inspect frames/thumbnails for qualitative judgment,
envs/bm_diffusion/lib/tk8.6/images/pwrdLogo150.gif,unknown,,,,unknown,indexed local video; inspect frames/thumbnails for qualitative judgment,
envs/bm_diffusion/lib/tk8.6/images/pwrdLogo175.gif,unknown,,,,unknown,indexed local video; inspect frames/thumbnails for qualitative judgment,
envs/bm_diffusion/lib/tk8.6/images/pwrdLogo200.gif,unknown,,,,unknown,indexed local video; inspect frames/thumbnails for qualitative judgment,
envs/bm_diffusion/lib/tk8.6/images/pwrdLogo75.gif,unknown,,,,unknown,indexed local video; inspect frames/thumbnails for qualitative judgment,
envs/bm_diffusion/lib/tk8.6/images/tai-ku.gif,unknown,,,,unknown,indexed local video; inspect frames/thumbnails for qualitative judgment,
envs/bm_tracking/lib/python3.10/idlelib/Icons/folder.gif,unknown,,,,unknown,indexed local video; inspect frames/thumbnails for qualitative judgment,
envs/bm_tracking/lib/python3.10/idlelib/Icons/idle_16.gif,unknown,,,,unknown,indexed local video; inspect frames/thumbnails for qualitative judgment,
envs/bm_tracking/lib/python3.10/idlelib/Icons/idle_32.gif,unknown,,,,unknown,indexed local video; inspect frames/thumbnails for qualitative judgment,
envs/bm_tracking/lib/python3.10/idlelib/Icons/idle_48.gif,unknown,,,,unknown,indexed local video; inspect frames/thumbnails for qualitative judgment,
envs/bm_tracking/lib/python3.10/idlelib/Icons/minusnode.gif,unknown,,,,unknown,indexed local video; inspect frames/thumbnails for qualitative judgment,
envs/bm_tracking/lib/python3.10/idlelib/Icons/openfolder.gif,unknown,,,,unknown,indexed local video; inspect frames/thumbnails for qualitative judgment,
envs/bm_tracking/lib/python3.10/idlelib/Icons/plusnode.gif,unknown,,,,unknown,indexed local video; inspect frames/thumbnails for qualitative judgment,
envs/bm_tracking/lib/python3.10/idlelib/Icons/python.gif,unknown,,,,unknown,indexed local video; inspect frames/thumbnails for qualitative judgment,
envs/bm_tracking/lib/python3.10/idlelib/Icons/tk.gif,unknown,,,,unknown,indexed local video; inspect frames/thumbnails for qualitative judgment,
envs/bm_tracking/lib/python3.10/site-packages/cmeel.prefix/share/doc/qhull/html/qh--4d.gif,unknown,,,,unknown,indexed local video; inspect frames/thumbnails for qualitative judgment,
envs/bm_tracking/lib/python3.10/site-packages/cmeel.prefix/share/doc/qhull/html/qh--cone.gif,unknown,,,,unknown,indexed local video; inspect frames/thumbnails for qualitative judgment,
envs/bm_tracking/lib/python3.10/site-packages/cmeel.prefix/share/doc/qhull/html/qh--dt.gif,unknown,,,,unknown,indexed local video; inspect frames/thumbnails for qualitative judgment,
envs/bm_tracking/lib/python3.10/site-packages/cmeel.prefix/share/doc/qhull/html/qh--geom.gif,unknown,,,,unknown,indexed local video; inspect frames/thumbnails for qualitative judgment,
envs/bm_tracking/lib/python3.10/site-packages/cmeel.prefix/share/doc/qhull/html/qh--half.gif,unknown,,,,unknown,indexed local video; inspect frames/thumbnails for qualitative judgment,
envs/bm_tracking/lib/python3.10/site-packages/cmeel.prefix/share/doc/qhull/html/qh--rand.gif,unknown,,,,unknown,indexed local video; inspect frames/thumbnails for qualitative judgment,
envs/bm_tracking/lib/python3.10/site-packages/isaacsim/extsPhysics/omni.physx.supportui/docs/dev_guide/images/mass_dist_man_rotate.gif,unknown,,,,unknown,indexed local video; inspect frames/thumbnails for qualitative judgment,
envs/bm_tracking/lib/python3.10/site-packages/isaacsim/extsPhysics/omni.physx.supportui/docs/dev_guide/images/mass_dist_man_translate.gif,unknown,,,,unknown,indexed local video; inspect frames/thumbnails for qualitative judgment,
envs/bm_tracking/lib/python3.10/site-packages/isaacsim/extsPhysics/omni.physx.supportui/docs/dev_guide/images/rigid_body_manipulator.gif,unknown,,,,unknown,indexed local video; inspect frames/thumbnails for qualitative judgment,
envs/bm_tracking/lib/python3.10/site-packages/isaacsim/extsPhysics/omni.physx.supportui/docs/dev_guide/images/rigid_body_selection_mode.gif,unknown,,,,unknown,indexed local video; inspect frames/thumbnails for qualitative judgment,
envs/bm_tracking/lib/python3.10/site-packages/isaacsim/extscache/omni.kit.window.usd_paths-1.0.7+d02c707b/textures/lenna.gif,unknown,,,,unknown,indexed local video; inspect frames/thumbnails for qualitative judgment,
envs/bm_tracking/lib/python3.10/site-packages/isaacsim/extscache/omni.kit.xr.ogn-106.5.13+106.5.0/data/samples/docs/controller-spheres.gif,unknown,,,,unknown,indexed local video; inspect frames/thumbnails for qualitative judgment,
envs/bm_tracking/lib/python3.10/site-packages/isaacsim/extscache/omni.kit.xr.ogn-106.5.13+106.5.0/data/samples/docs/proximity.gif,unknown,,,,unknown,indexed local video; inspect frames/thumbnails for qualitative judgment,
envs/bm_tracking/lib/python3.10/site-packages/isaacsim/extscache/omni.kit.xr.ogn-106.5.13+106.5.0/data/samples/docs/selection.gif,unknown,,,,unknown,indexed local video; inspect frames/thumbnails for qualitative judgment,
envs/bm_tracking/lib/python3.10/site-packages/isaacsim/extscache/omni.sensors.nv.camera-0.20.1-coreapi+lx64.r/docs/images/sensors_camera_photon_shot_noise.gif,unknown,,,,unknown,indexed local video; inspect frames/thumbnails for qualitative judgment,
envs/bm_tracking/lib/python3.10/site-packages/isaacsim/extscache/usdrt.scenegraph-7.5.1+d02c707b.lx64.r.cp310/docs/whatsinfabric/dancing_torus.gif,unknown,,,,unknown,indexed local video; inspect frames/thumbnails for qualitative judgment,
envs/bm_tracking/lib/python3.10/site-packages/isaacsim/extscache/usdrt.scenegraph-7.5.1+d02c707b.lx64.r.cp310/docs/whatsinfabric/warping_torus.gif,unknown,,,,unknown,indexed local video; inspect frames/thumbnails for qualitative judgment,
envs/bm_tracking/lib/tk8.6/demos/images/earth.gif,unknown,,,,unknown,indexed local video; inspect frames/thumbnails for qualitative judgment,
envs/bm_tracking/lib/tk8.6/demos/images/earthris.gif,unknown,,,,unknown,indexed local video; inspect frames/thumbnails for qualitative judgment,
envs/bm_tracking/lib/tk8.6/demos/images/tcllogo.gif,unknown,,,,unknown,indexed local video; inspect frames/thumbnails for qualitative judgment,
envs/bm_tracking/lib/tk8.6/images/logo100.gif,unknown,,,,unknown,indexed local video; inspect frames/thumbnails for qualitative judgment,
envs/bm_tracking/lib/tk8.6/images/logo64.gif,unknown,,,,unknown,indexed local video; inspect frames/thumbnails for qualitative judgment,
envs/bm_tracking/lib/tk8.6/images/logoLarge.gif,unknown,,,,unknown,indexed local video; inspect frames/thumbnails for qualitative judgment,
envs/bm_tracking/lib/tk8.6/images/logoMed.gif,unknown,,,,unknown,indexed local video; inspect frames/thumbnails for qualitative judgment,
envs/bm_tracking/lib/tk8.6/images/pwrdLogo100.gif,unknown,,,,unknown,indexed local video; inspect frames/thumbnails for qualitative judgment,
envs/bm_tracking/lib/tk8.6/images/pwrdLogo150.gif,unknown,,,,unknown,indexed local video; inspect frames/thumbnails for qualitative judgment,
envs/bm_tracking/lib/tk8.6/images/pwrdLogo175.gif,unknown,,,,unknown,indexed local video; inspect frames/thumbnails for qualitative judgment,
envs/bm_tracking/lib/tk8.6/images/pwrdLogo200.gif,unknown,,,,unknown,indexed local video; inspect frames/thumbnails for qualitative judgment,
envs/bm_tracking/lib/tk8.6/images/pwrdLogo75.gif,unknown,,,,unknown,indexed local video; inspect frames/thumbnails for qualitative judgment,
envs/bm_tracking/lib/tk8.6/images/tai-ku.gif,unknown,,,,unknown,indexed local video; inspect frames/thumbnails for qualitative judgment,
isaac_mp4_need/results/res/visualization/official_csv_loop_action_guidance_rollout/official_csv_loop_action_guidance_rollout_vs_reference.mp4,Isaac rendered MP4 gate,9.966667,1044x870,299,blocked/failed,indexed local video; inspect frames/thumbnails for qualitative judgment,H20 Vulkan/Kit rendering stack
isaac_mp4_need/results/res/visualization/official_csv_loop_full_bundle_policy_rollout/official_csv_loop_policy_rollout_vs_reference.mp4,Isaac rendered MP4 gate,9.966667,1080x900,299,blocked/failed,indexed local video; inspect frames/thumbnails for qualitative judgment,H20 Vulkan/Kit rendering stack
isaac_mp4_need/results/res/visualization/official_csv_loop_full_bundle_receding_latent_guidance_rollout/official_csv_loop_receding_latent_guidance_rollout_vs_reference.mp4,Isaac rendered MP4 gate,9.966667,1044x870,299,blocked/failed,indexed local video; inspect frames/thumbnails for qualitative judgment,H20 Vulkan/Kit rendering stack
isaac_mp4_need/results/res/visualization/official_csv_loop_full_bundle_task_conditioned_latent_guidance_multiseed_rollout/seed_group_1/composed/official_csv_loop_task_conditioned_latent_guidance_rollout_vs_reference.mp4,Isaac rendered MP4 gate,9.966667,1044x870,299,blocked/failed,indexed local video; inspect frames/thumbnails for qualitative judgment,H20 Vulkan/Kit rendering stack
isaac_mp4_need/results/res/visualization/official_csv_loop_full_bundle_task_conditioned_latent_guidance_multiseed_rollout/seed_group_1/joystick/official_csv_loop_task_conditioned_latent_guidance_rollout_vs_reference.mp4,Isaac rendered MP4 gate,9.966667,1044x870,299,blocked/failed,indexed local video; inspect frames/thumbnails for qualitative judgment,H20 Vulkan/Kit rendering stack
isaac_mp4_need/results/res/visualization/official_csv_loop_full_bundle_task_conditioned_latent_guidance_multiseed_rollout/seed_group_1/obstacle_avoidance/official_csv_loop_task_conditioned_latent_guidance_rollout_vs_reference.mp4,Isaac rendered MP4 gate,9.966667,1044x870,299,blocked/failed,indexed local video; inspect frames/thumbnails for qualitative judgment,H20 Vulkan/Kit rendering stack
isaac_mp4_need/results/res/visualization/official_csv_loop_full_bundle_task_conditioned_latent_guidance_multiseed_rollout/seed_group_1/waypoint/official_csv_loop_task_conditioned_latent_guidance_rollout_vs_reference.mp4,Isaac rendered MP4 gate,9.966667,1044x870,299,blocked/failed,indexed local video; inspect frames/thumbnails for qualitative judgment,H20 Vulkan/Kit rendering stack
isaac_mp4_need/results/res/visualization/official_csv_loop_full_bundle_task_conditioned_latent_guidance_multiseed_rollout/seed_group_2/composed/official_csv_loop_task_conditioned_latent_guidance_rollout_vs_reference.mp4,Isaac rendered MP4 gate,9.966667,1044x870,299,blocked/failed,indexed local video; inspect frames/thumbnails for qualitative judgment,H20 Vulkan/Kit rendering stack
isaac_mp4_need/results/res/visualization/official_csv_loop_full_bundle_task_conditioned_latent_guidance_multiseed_rollout/seed_group_2/joystick/official_csv_loop_task_conditioned_latent_guidance_rollout_vs_reference.mp4,Isaac rendered MP4 gate,9.966667,1044x870,299,blocked/failed,indexed local video; inspect frames/thumbnails for qualitative judgment,H20 Vulkan/Kit rendering stack
isaac_mp4_need/results/res/visualization/official_csv_loop_full_bundle_task_conditioned_latent_guidance_multiseed_rollout/seed_group_2/obstacle_avoidance/official_csv_loop_task_conditioned_latent_guidance_rollout_vs_reference.mp4,Isaac rendered MP4 gate,9.966667,1044x870,299,blocked/failed,indexed local video; inspect frames/thumbnails for qualitative judgment,H20 Vulkan/Kit rendering stack
isaac_mp4_need/results/res/visualization/official_csv_loop_full_bundle_task_conditioned_latent_guidance_multiseed_rollout/seed_group_2/waypoint/official_csv_loop_task_conditioned_latent_guidance_rollout_vs_reference.mp4,Isaac rendered MP4 gate,9.966667,1044x870,299,blocked/failed,indexed local video; inspect frames/thumbnails for qualitative judgment,H20 Vulkan/Kit rendering stack
isaac_mp4_need/results/res/visualization/official_csv_loop_full_bundle_task_conditioned_latent_guidance_multiseed_rollout/seed_group_3/composed/official_csv_loop_task_conditioned_latent_guidance_rollout_vs_reference.mp4,Isaac rendered MP4 gate,9.966667,1044x870,299,blocked/failed,indexed local video; inspect frames/thumbnails for qualitative judgment,H20 Vulkan/Kit rendering stack
isaac_mp4_need/results/res/visualization/official_csv_loop_full_bundle_task_conditioned_latent_guidance_multiseed_rollout/seed_group_3/joystick/official_csv_loop_task_conditioned_latent_guidance_rollout_vs_reference.mp4,Isaac rendered MP4 gate,9.966667,1044x870,299,blocked/failed,indexed local video; inspect frames/thumbnails for qualitative judgment,H20 Vulkan/Kit rendering stack
isaac_mp4_need/results/res/visualization/official_csv_loop_full_bundle_task_conditioned_latent_guidance_multiseed_rollout/seed_group_3/obstacle_avoidance/official_csv_loop_task_conditioned_latent_guidance_rollout_vs_reference.mp4,Isaac rendered MP4 gate,9.966667,1044x870,299,blocked/failed,indexed local video; inspect frames/thumbnails for qualitative judgment,H20 Vulkan/Kit rendering stack
isaac_mp4_need/results/res/visualization/official_csv_loop_full_bundle_task_conditioned_latent_guidance_multiseed_rollout/seed_group_3/waypoint/official_csv_loop_task_conditioned_latent_guidance_rollout_vs_reference.mp4,Isaac rendered MP4 gate,9.966667,1044x870,299,blocked/failed,indexed local video; inspect frames/thumbnails for qualitative judgment,H20 Vulkan/Kit rendering stack
isaac_mp4_need/results/res/visualization/official_csv_loop_full_bundle_task_conditioned_latent_guidance_multiseed_rollout/seed_group_4/composed/official_csv_loop_task_conditioned_latent_guidance_rollout_vs_reference.mp4,Isaac rendered MP4 gate,9.966667,1044x870,299,blocked/failed,indexed local video; inspect frames/thumbnails for qualitative judgment,H20 Vulkan/Kit rendering stack
isaac_mp4_need/results/res/visualization/official_csv_loop_full_bundle_task_conditioned_latent_guidance_multiseed_rollout/seed_group_4/joystick/official_csv_loop_task_conditioned_latent_guidance_rollout_vs_reference.mp4,Isaac rendered MP4 gate,9.966667,1044x870,299,blocked/failed,indexed local video; inspect frames/thumbnails for qualitative judgment,H20 Vulkan/Kit rendering stack
isaac_mp4_need/results/res/visualization/official_csv_loop_full_bundle_task_conditioned_latent_guidance_multiseed_rollout/seed_group_4/obstacle_avoidance/official_csv_loop_task_conditioned_latent_guidance_rollout_vs_reference.mp4,Isaac rendered MP4 gate,9.966667,1044x870,299,blocked/failed,indexed local video; inspect frames/thumbnails for qualitative judgment,H20 Vulkan/Kit rendering stack
isaac_mp4_need/results/res/visualization/official_csv_loop_full_bundle_task_conditioned_latent_guidance_multiseed_rollout/seed_group_4/waypoint/official_csv_loop_task_conditioned_latent_guidance_rollout_vs_reference.mp4,Isaac rendered MP4 gate,9.966667,1044x870,299,blocked/failed,indexed local video; inspect frames/thumbnails for qualitative judgment,H20 Vulkan/Kit rendering stack
isaac_mp4_need/results/res/visualization/official_csv_loop_full_bundle_task_conditioned_latent_guidance_rollout/composed/official_csv_loop_task_conditioned_latent_guidance_rollout_vs_reference.mp4,Isaac rendered MP4 gate,9.966667,1044x870,299,blocked/failed,indexed local video; inspect frames/thumbnails for qualitative judgment,H20 Vulkan/Kit rendering stack
isaac_mp4_need/results/res/visualization/official_csv_loop_full_bundle_task_conditioned_latent_guidance_rollout/joystick/official_csv_loop_task_conditioned_latent_guidance_rollout_vs_reference.mp4,Isaac rendered MP4 gate,9.966667,1044x870,299,blocked/failed,indexed local video; inspect frames/thumbnails for qualitative judgment,H20 Vulkan/Kit rendering stack
isaac_mp4_need/results/res/visualization/official_csv_loop_full_bundle_task_conditioned_latent_guidance_rollout/obstacle_avoidance/official_csv_loop_task_conditioned_latent_guidance_rollout_vs_reference.mp4,Isaac rendered MP4 gate,9.966667,1044x870,299,blocked/failed,indexed local video; inspect frames/thumbnails for qualitative judgment,H20 Vulkan/Kit rendering stack
isaac_mp4_need/results/res/visualization/official_csv_loop_full_bundle_task_conditioned_latent_guidance_rollout/waypoint/official_csv_loop_task_conditioned_latent_guidance_rollout_vs_reference.mp4,Isaac rendered MP4 gate,9.966667,1044x870,299,blocked/failed,indexed local video; inspect frames/thumbnails for qualitative judgment,H20 Vulkan/Kit rendering stack
isaac_mp4_need/results/res/visualization/official_csv_loop_policy_rollout/official_csv_loop_policy_rollout_vs_reference.mp4,Isaac rendered MP4 gate,9.966667,1080x900,299,blocked/failed,indexed local video; inspect frames/thumbnails for qualitative judgment,H20 Vulkan/Kit rendering stack
isaac_mp4_need/results/res/visualization/official_csv_loop_receding_latent_guidance_rollout/official_csv_loop_receding_latent_guidance_rollout_vs_reference.mp4,Isaac rendered MP4 gate,9.966667,1044x870,299,blocked/failed,indexed local video; inspect frames/thumbnails for qualitative judgment,H20 Vulkan/Kit rendering stack
isaac_mp4_need/results/res/visualization/official_csv_loop_reference_replay/official_csv_loop_reference_replay_kinematic.mp4,Isaac rendered MP4 gate,9.966667,1080x900,299,blocked/failed,indexed local video; inspect frames/thumbnails for qualitative judgment,H20 Vulkan/Kit rendering stack
isaac_mp4_need/results/res/visualization/official_csv_loop_task_conditioned_latent_guidance_multiseed_rollout/seed_group_1/composed/official_csv_loop_task_conditioned_latent_guidance_rollout_vs_reference.mp4,Isaac rendered MP4 gate,9.966667,1044x870,299,blocked/failed,indexed local video; inspect frames/thumbnails for qualitative judgment,H20 Vulkan/Kit rendering stack
isaac_mp4_need/results/res/visualization/official_csv_loop_task_conditioned_latent_guidance_multiseed_rollout/seed_group_1/joystick/official_csv_loop_task_conditioned_latent_guidance_rollout_vs_reference.mp4,Isaac rendered MP4 gate,9.966667,1044x870,299,blocked/failed,indexed local video; inspect frames/thumbnails for qualitative judgment,H20 Vulkan/Kit rendering stack
isaac_mp4_need/results/res/visualization/official_csv_loop_task_conditioned_latent_guidance_multiseed_rollout/seed_group_1/obstacle_avoidance/official_csv_loop_task_conditioned_latent_guidance_rollout_vs_reference.mp4,Isaac rendered MP4 gate,9.966667,1044x870,299,blocked/failed,indexed local video; inspect frames/thumbnails for qualitative judgment,H20 Vulkan/Kit rendering stack
isaac_mp4_need/results/res/visualization/official_csv_loop_task_conditioned_latent_guidance_multiseed_rollout/seed_group_1/waypoint/official_csv_loop_task_conditioned_latent_guidance_rollout_vs_reference.mp4,Isaac rendered MP4 gate,9.966667,1044x870,299,blocked/failed,indexed local video; inspect frames/thumbnails for qualitative judgment,H20 Vulkan/Kit rendering stack
isaac_mp4_need/results/res/visualization/official_csv_loop_task_conditioned_latent_guidance_multiseed_rollout/seed_group_2/composed/official_csv_loop_task_conditioned_latent_guidance_rollout_vs_reference.mp4,Isaac rendered MP4 gate,9.966667,1044x870,299,blocked/failed,indexed local video; inspect frames/thumbnails for qualitative judgment,H20 Vulkan/Kit rendering stack
isaac_mp4_need/results/res/visualization/official_csv_loop_task_conditioned_latent_guidance_multiseed_rollout/seed_group_2/joystick/official_csv_loop_task_conditioned_latent_guidance_rollout_vs_reference.mp4,Isaac rendered MP4 gate,9.966667,1044x870,299,blocked/failed,indexed local video; inspect frames/thumbnails for qualitative judgment,H20 Vulkan/Kit rendering stack
isaac_mp4_need/results/res/visualization/official_csv_loop_task_conditioned_latent_guidance_multiseed_rollout/seed_group_2/obstacle_avoidance/official_csv_loop_task_conditioned_latent_guidance_rollout_vs_reference.mp4,Isaac rendered MP4 gate,9.966667,1044x870,299,blocked/failed,indexed local video; inspect frames/thumbnails for qualitative judgment,H20 Vulkan/Kit rendering stack
isaac_mp4_need/results/res/visualization/official_csv_loop_task_conditioned_latent_guidance_multiseed_rollout/seed_group_2/waypoint/official_csv_loop_task_conditioned_latent_guidance_rollout_vs_reference.mp4,Isaac rendered MP4 gate,9.966667,1044x870,299,blocked/failed,indexed local video; inspect frames/thumbnails for qualitative judgment,H20 Vulkan/Kit rendering stack
isaac_mp4_need/results/res/visualization/official_csv_loop_task_conditioned_latent_guidance_multiseed_rollout/single_task_gate_after_guard/joystick/official_csv_loop_task_conditioned_latent_guidance_rollout_vs_reference.mp4,Isaac rendered MP4 gate,9.966667,1044x870,299,blocked/failed,indexed local video; inspect frames/thumbnails for qualitative judgment,H20 Vulkan/Kit rendering stack
isaac_mp4_need/results/res/visualization/official_csv_loop_task_conditioned_latent_guidance_rollout/composed/official_csv_loop_task_conditioned_latent_guidance_rollout_vs_reference.mp4,Isaac rendered MP4 gate,9.966667,1044x870,299,blocked/failed,indexed local video; inspect frames/thumbnails for qualitative judgment,H20 Vulkan/Kit rendering stack
isaac_mp4_need/results/res/visualization/official_csv_loop_task_conditioned_latent_guidance_rollout/joystick/official_csv_loop_task_conditioned_latent_guidance_rollout_vs_reference.mp4,Isaac rendered MP4 gate,9.966667,1044x870,299,blocked/failed,indexed local video; inspect frames/thumbnails for qualitative judgment,H20 Vulkan/Kit rendering stack
isaac_mp4_need/results/res/visualization/official_csv_loop_task_conditioned_latent_guidance_rollout/obstacle_avoidance/official_csv_loop_task_conditioned_latent_guidance_rollout_vs_reference.mp4,Isaac rendered MP4 gate,9.966667,1044x870,299,blocked/failed,indexed local video; inspect frames/thumbnails for qualitative judgment,H20 Vulkan/Kit rendering stack
isaac_mp4_need/results/res/visualization/official_csv_loop_task_conditioned_latent_guidance_rollout/waypoint/official_csv_loop_task_conditioned_latent_guidance_rollout_vs_reference.mp4,Isaac rendered MP4 gate,9.966667,1044x870,299,blocked/failed,indexed local video; inspect frames/thumbnails for qualitative judgment,H20 Vulkan/Kit rendering stack
isaac_mp4_need/results/res/visualization/official_csv_loop_vae_closed_loop_rollout/official_csv_loop_vae_closed_loop_rollout_vs_reference.mp4,Isaac rendered MP4 gate,9.966667,1080x900,299,blocked/failed,indexed local video; inspect frames/thumbnails for qualitative judgment,H20 Vulkan/Kit rendering stack
isaac_mp4_need/results/res/visualization/official_importer_export_fk_repaired_robot_order_full_bundle_ppo_policy_rollout/official_importer_export_fk_repaired_robot_order_full_bundle_ppo_policy_rollout_vs_reference.mp4,Isaac rendered MP4 gate,9.966667,1080x900,299,blocked/failed,indexed local video; inspect frames/thumbnails for qualitative judgment,H20 Vulkan/Kit rendering stack
isaac_mp4_need/results/res/visualization/official_importer_export_full_bundle_inpainting_guidance_rollout/inpainting/official_csv_loop_task_conditioned_latent_guidance_rollout_vs_reference.mp4,Isaac rendered MP4 gate,9.966667,1044x870,299,blocked/failed,indexed local video; inspect frames/thumbnails for qualitative judgment,H20 Vulkan/Kit rendering stack
isaac_mp4_need/results/res/visualization/official_importer_export_full_bundle_scaled_ppo_policy_rollout/official_importer_export_full_bundle_scaled_ppo_policy_rollout_vs_reference.mp4,Isaac rendered MP4 gate,9.966667,1080x900,299,blocked/failed,indexed local video; inspect frames/thumbnails for qualitative judgment,H20 Vulkan/Kit rendering stack
isaac_mp4_need/results/res/visualization/official_importer_export_full_bundle_task_conditioned_latent_guidance_multiseed_rollout/seed_group_1/composed/official_csv_loop_task_conditioned_latent_guidance_rollout_vs_reference.mp4,Isaac rendered MP4 gate,9.966667,1044x870,299,blocked/failed,indexed local video; inspect frames/thumbnails for qualitative judgment,H20 Vulkan/Kit rendering stack
isaac_mp4_need/results/res/visualization/official_importer_export_full_bundle_task_conditioned_latent_guidance_multiseed_rollout/seed_group_1/joystick/official_csv_loop_task_conditioned_latent_guidance_rollout_vs_reference.mp4,Isaac rendered MP4 gate,9.966667,1044x870,299,blocked/failed,indexed local video; inspect frames/thumbnails for qualitative judgment,H20 Vulkan/Kit rendering stack
isaac_mp4_need/results/res/visualization/official_importer_export_full_bundle_task_conditioned_latent_guidance_multiseed_rollout/seed_group_1/obstacle_avoidance/official_csv_loop_task_conditioned_latent_guidance_rollout_vs_reference.mp4,Isaac rendered MP4 gate,9.966667,1044x870,299,blocked/failed,indexed local video; inspect frames/thumbnails for qualitative judgment,H20 Vulkan/Kit rendering stack
isaac_mp4_need/results/res/visualization/official_importer_export_full_bundle_task_conditioned_latent_guidance_multiseed_rollout/seed_group_1/waypoint/official_csv_loop_task_conditioned_latent_guidance_rollout_vs_reference.mp4,Isaac rendered MP4 gate,9.966667,1044x870,299,blocked/failed,indexed local video; inspect frames/thumbnails for qualitative judgment,H20 Vulkan/Kit rendering stack
isaac_mp4_need/results/res/visualization/official_importer_export_full_bundle_task_conditioned_latent_guidance_multiseed_rollout/seed_group_2/composed/official_csv_loop_task_conditioned_latent_guidance_rollout_vs_reference.mp4,Isaac rendered MP4 gate,9.966667,1044x870,299,blocked/failed,indexed local video; inspect frames/thumbnails for qualitative judgment,H20 Vulkan/Kit rendering stack
isaac_mp4_need/results/res/visualization/official_importer_export_full_bundle_task_conditioned_latent_guidance_multiseed_rollout/seed_group_2/joystick/official_csv_loop_task_conditioned_latent_guidance_rollout_vs_reference.mp4,Isaac rendered MP4 gate,9.966667,1044x870,299,blocked/failed,indexed local video; inspect frames/thumbnails for qualitative judgment,H20 Vulkan/Kit rendering stack
isaac_mp4_need/results/res/visualization/official_importer_export_full_bundle_task_conditioned_latent_guidance_multiseed_rollout/seed_group_2/obstacle_avoidance/official_csv_loop_task_conditioned_latent_guidance_rollout_vs_reference.mp4,Isaac rendered MP4 gate,9.966667,1044x870,299,blocked/failed,indexed local video; inspect frames/thumbnails for qualitative judgment,H20 Vulkan/Kit rendering stack
isaac_mp4_need/results/res/visualization/official_importer_export_full_bundle_task_conditioned_latent_guidance_multiseed_rollout/seed_group_2/waypoint/official_csv_loop_task_conditioned_latent_guidance_rollout_vs_reference.mp4,Isaac rendered MP4 gate,9.966667,1044x870,299,blocked/failed,indexed local video; inspect frames/thumbnails for qualitative judgment,H20 Vulkan/Kit rendering stack
isaac_mp4_need/results/res/visualization/official_importer_export_full_bundle_task_conditioned_latent_guidance_multiseed_rollout/seed_group_3/composed/official_csv_loop_task_conditioned_latent_guidance_rollout_vs_reference.mp4,Isaac rendered MP4 gate,9.966667,1044x870,299,blocked/failed,indexed local video; inspect frames/thumbnails for qualitative judgment,H20 Vulkan/Kit rendering stack
isaac_mp4_need/results/res/visualization/official_importer_export_full_bundle_task_conditioned_latent_guidance_multiseed_rollout/seed_group_3/joystick/official_csv_loop_task_conditioned_latent_guidance_rollout_vs_reference.mp4,Isaac rendered MP4 gate,9.966667,1044x870,299,blocked/failed,indexed local video; inspect frames/thumbnails for qualitative judgment,H20 Vulkan/Kit rendering stack
isaac_mp4_need/results/res/visualization/official_importer_export_full_bundle_task_conditioned_latent_guidance_multiseed_rollout/seed_group_3/obstacle_avoidance/official_csv_loop_task_conditioned_latent_guidance_rollout_vs_reference.mp4,Isaac rendered MP4 gate,9.966667,1044x870,299,blocked/failed,indexed local video; inspect frames/thumbnails for qualitative judgment,H20 Vulkan/Kit rendering stack
isaac_mp4_need/results/res/visualization/official_importer_export_full_bundle_task_conditioned_latent_guidance_multiseed_rollout/seed_group_3/waypoint/official_csv_loop_task_conditioned_latent_guidance_rollout_vs_reference.mp4,Isaac rendered MP4 gate,9.966667,1044x870,299,blocked/failed,indexed local video; inspect frames/thumbnails for qualitative judgment,H20 Vulkan/Kit rendering stack
isaac_mp4_need/results/res/visualization/official_importer_export_full_bundle_task_conditioned_latent_guidance_multiseed_rollout/seed_group_4/composed/official_csv_loop_task_conditioned_latent_guidance_rollout_vs_reference.mp4,Isaac rendered MP4 gate,9.966667,1044x870,299,blocked/failed,indexed local video; inspect frames/thumbnails for qualitative judgment,H20 Vulkan/Kit rendering stack
isaac_mp4_need/results/res/visualization/official_importer_export_full_bundle_task_conditioned_latent_guidance_multiseed_rollout/seed_group_4/joystick/official_csv_loop_task_conditioned_latent_guidance_rollout_vs_reference.mp4,Isaac rendered MP4 gate,9.966667,1044x870,299,blocked/failed,indexed local video; inspect frames/thumbnails for qualitative judgment,H20 Vulkan/Kit rendering stack
isaac_mp4_need/results/res/visualization/official_importer_export_full_bundle_task_conditioned_latent_guidance_multiseed_rollout/seed_group_4/obstacle_avoidance/official_csv_loop_task_conditioned_latent_guidance_rollout_vs_reference.mp4,Isaac rendered MP4 gate,9.966667,1044x870,299,blocked/failed,indexed local video; inspect frames/thumbnails for qualitative judgment,H20 Vulkan/Kit rendering stack
isaac_mp4_need/results/res/visualization/official_importer_export_full_bundle_task_conditioned_latent_guidance_multiseed_rollout/seed_group_4/waypoint/official_csv_loop_task_conditioned_latent_guidance_rollout_vs_reference.mp4,Isaac rendered MP4 gate,9.966667,1044x870,299,blocked/failed,indexed local video; inspect frames/thumbnails for qualitative judgment,H20 Vulkan/Kit rendering stack
isaac_mp4_need/results/res/visualization/official_importer_export_full_bundle_task_conditioned_latent_guidance_rollout/composed/official_csv_loop_task_conditioned_latent_guidance_rollout_vs_reference.mp4,Isaac rendered MP4 gate,9.966667,1044x870,299,blocked/failed,indexed local video; inspect frames/thumbnails for qualitative judgment,H20 Vulkan/Kit rendering stack
isaac_mp4_need/results/res/visualization/official_importer_export_full_bundle_task_conditioned_latent_guidance_rollout/joystick/official_csv_loop_task_conditioned_latent_guidance_rollout_vs_reference.mp4,Isaac rendered MP4 gate,9.966667,1044x870,299,blocked/failed,indexed local video; inspect frames/thumbnails for qualitative judgment,H20 Vulkan/Kit rendering stack
isaac_mp4_need/results/res/visualization/official_importer_export_full_bundle_task_conditioned_latent_guidance_rollout/obstacle_avoidance/official_csv_loop_task_conditioned_latent_guidance_rollout_vs_reference.mp4,Isaac rendered MP4 gate,9.966667,1044x870,299,blocked/failed,indexed local video; inspect frames/thumbnails for qualitative judgment,H20 Vulkan/Kit rendering stack
isaac_mp4_need/results/res/visualization/official_importer_export_full_bundle_task_conditioned_latent_guidance_rollout/waypoint/official_csv_loop_task_conditioned_latent_guidance_rollout_vs_reference.mp4,Isaac rendered MP4 gate,9.966667,1044x870,299,blocked/failed,indexed local video; inspect frames/thumbnails for qualitative judgment,H20 Vulkan/Kit rendering stack
isaac_mp4_need/results/res/visualization/official_importer_export_full_bundle_transition_guidance_rollout/transition/official_csv_loop_task_conditioned_latent_guidance_rollout_vs_reference.mp4,Isaac rendered MP4 gate,9.966667,1044x870,299,blocked/failed,indexed local video; inspect frames/thumbnails for qualitative judgment,H20 Vulkan/Kit rendering stack
isaac_mp4_need/results/res/visualization/official_importer_export_full_bundle_vae_closed_loop_rollout/official_importer_export_full_bundle_vae_closed_loop_rollout_vs_reference.mp4,Isaac rendered MP4 gate,9.966667,1080x900,299,blocked/failed,indexed local video; inspect frames/thumbnails for qualitative judgment,H20 Vulkan/Kit rendering stack
isaac_mp4_need/results/res/visualization/official_importer_export_full_dataset_reference_replay/official_importer_export_full_dataset_reference_replay_kinematic.mp4,Isaac rendered MP4 gate,9.966667,1080x900,299,blocked/failed,indexed local video; inspect frames/thumbnails for qualitative judgment,H20 Vulkan/Kit rendering stack
isaac_mp4_need/results/res/visualization/official_importer_export_scaled_ppo_task_conditioned_latent_guidance_multiseed_rollout/seed_group_1/composed/official_csv_loop_task_conditioned_latent_guidance_rollout_vs_reference.mp4,Isaac rendered MP4 gate,9.966667,1044x870,299,blocked/failed,indexed local video; inspect frames/thumbnails for qualitative judgment,H20 Vulkan/Kit rendering stack
isaac_mp4_need/results/res/visualization/official_importer_export_scaled_ppo_task_conditioned_latent_guidance_multiseed_rollout/seed_group_1/joystick/official_csv_loop_task_conditioned_latent_guidance_rollout_vs_reference.mp4,Isaac rendered MP4 gate,9.966667,1044x870,299,blocked/failed,indexed local video; inspect frames/thumbnails for qualitative judgment,H20 Vulkan/Kit rendering stack
isaac_mp4_need/results/res/visualization/official_importer_export_scaled_ppo_task_conditioned_latent_guidance_multiseed_rollout/seed_group_1/obstacle_avoidance/official_csv_loop_task_conditioned_latent_guidance_rollout_vs_reference.mp4,Isaac rendered MP4 gate,9.966667,1044x870,299,blocked/failed,indexed local video; inspect frames/thumbnails for qualitative judgment,H20 Vulkan/Kit rendering stack
isaac_mp4_need/results/res/visualization/official_importer_export_scaled_ppo_task_conditioned_latent_guidance_multiseed_rollout/seed_group_1/waypoint/official_csv_loop_task_conditioned_latent_guidance_rollout_vs_reference.mp4,Isaac rendered MP4 gate,9.966667,1044x870,299,blocked/failed,indexed local video; inspect frames/thumbnails for qualitative judgment,H20 Vulkan/Kit rendering stack
isaac_mp4_need/results/res/visualization/official_importer_export_scaled_ppo_task_conditioned_latent_guidance_multiseed_rollout/seed_group_2/composed/official_csv_loop_task_conditioned_latent_guidance_rollout_vs_reference.mp4,Isaac rendered MP4 gate,9.966667,1044x870,299,blocked/failed,indexed local video; inspect frames/thumbnails for qualitative judgment,H20 Vulkan/Kit rendering stack
isaac_mp4_need/results/res/visualization/official_importer_export_scaled_ppo_task_conditioned_latent_guidance_multiseed_rollout/seed_group_2/joystick/official_csv_loop_task_conditioned_latent_guidance_rollout_vs_reference.mp4,Isaac rendered MP4 gate,9.966667,1044x870,299,blocked/failed,indexed local video; inspect frames/thumbnails for qualitative judgment,H20 Vulkan/Kit rendering stack
isaac_mp4_need/results/res/visualization/official_importer_export_scaled_ppo_task_conditioned_latent_guidance_multiseed_rollout/seed_group_2/obstacle_avoidance/official_csv_loop_task_conditioned_latent_guidance_rollout_vs_reference.mp4,Isaac rendered MP4 gate,9.966667,1044x870,299,blocked/failed,indexed local video; inspect frames/thumbnails for qualitative judgment,H20 Vulkan/Kit rendering stack
isaac_mp4_need/results/res/visualization/official_importer_export_scaled_ppo_task_conditioned_latent_guidance_multiseed_rollout/seed_group_2/waypoint/official_csv_loop_task_conditioned_latent_guidance_rollout_vs_reference.mp4,Isaac rendered MP4 gate,9.966667,1044x870,299,blocked/failed,indexed local video; inspect frames/thumbnails for qualitative judgment,H20 Vulkan/Kit rendering stack
isaac_mp4_need/results/res/visualization/official_importer_export_scaled_ppo_task_conditioned_latent_guidance_multiseed_rollout/seed_group_3/composed/official_csv_loop_task_conditioned_latent_guidance_rollout_vs_reference.mp4,Isaac rendered MP4 gate,9.966667,1044x870,299,blocked/failed,indexed local video; inspect frames/thumbnails for qualitative judgment,H20 Vulkan/Kit rendering stack
isaac_mp4_need/results/res/visualization/official_importer_export_scaled_ppo_task_conditioned_latent_guidance_multiseed_rollout/seed_group_3/joystick/official_csv_loop_task_conditioned_latent_guidance_rollout_vs_reference.mp4,Isaac rendered MP4 gate,9.966667,1044x870,299,blocked/failed,indexed local video; inspect frames/thumbnails for qualitative judgment,H20 Vulkan/Kit rendering stack
isaac_mp4_need/results/res/visualization/official_importer_export_scaled_ppo_task_conditioned_latent_guidance_multiseed_rollout/seed_group_3/obstacle_avoidance/official_csv_loop_task_conditioned_latent_guidance_rollout_vs_reference.mp4,Isaac rendered MP4 gate,9.966667,1044x870,299,blocked/failed,indexed local video; inspect frames/thumbnails for qualitative judgment,H20 Vulkan/Kit rendering stack
isaac_mp4_need/results/res/visualization/official_importer_export_scaled_ppo_task_conditioned_latent_guidance_multiseed_rollout/seed_group_3/waypoint/official_csv_loop_task_conditioned_latent_guidance_rollout_vs_reference.mp4,Isaac rendered MP4 gate,9.966667,1044x870,299,blocked/failed,indexed local video; inspect frames/thumbnails for qualitative judgment,H20 Vulkan/Kit rendering stack
isaac_mp4_need/results/res/visualization/official_importer_export_scaled_ppo_task_conditioned_latent_guidance_multiseed_rollout/seed_group_4/composed/official_csv_loop_task_conditioned_latent_guidance_rollout_vs_reference.mp4,Isaac rendered MP4 gate,9.966667,1044x870,299,blocked/failed,indexed local video; inspect frames/thumbnails for qualitative judgment,H20 Vulkan/Kit rendering stack
isaac_mp4_need/results/res/visualization/official_importer_export_scaled_ppo_task_conditioned_latent_guidance_multiseed_rollout/seed_group_4/joystick/official_csv_loop_task_conditioned_latent_guidance_rollout_vs_reference.mp4,Isaac rendered MP4 gate,9.966667,1044x870,299,blocked/failed,indexed local video; inspect frames/thumbnails for qualitative judgment,H20 Vulkan/Kit rendering stack
isaac_mp4_need/results/res/visualization/official_importer_export_scaled_ppo_task_conditioned_latent_guidance_multiseed_rollout/seed_group_4/obstacle_avoidance/official_csv_loop_task_conditioned_latent_guidance_rollout_vs_reference.mp4,Isaac rendered MP4 gate,9.966667,1044x870,299,blocked/failed,indexed local video; inspect frames/thumbnails for qualitative judgment,H20 Vulkan/Kit rendering stack
isaac_mp4_need/results/res/visualization/official_importer_export_scaled_ppo_task_conditioned_latent_guidance_multiseed_rollout/seed_group_4/waypoint/official_csv_loop_task_conditioned_latent_guidance_rollout_vs_reference.mp4,Isaac rendered MP4 gate,9.966667,1044x870,299,blocked/failed,indexed local video; inspect frames/thumbnails for qualitative judgment,H20 Vulkan/Kit rendering stack
isaac_mp4_need/results/res/visualization/official_importer_export_scaled_ppo_task_conditioned_latent_guidance_rollout/composed/official_csv_loop_task_conditioned_latent_guidance_rollout_vs_reference.mp4,Isaac rendered MP4 gate,9.966667,1044x870,299,blocked/failed,indexed local video; inspect frames/thumbnails for qualitative judgment,H20 Vulkan/Kit rendering stack
isaac_mp4_need/results/res/visualization/official_importer_export_scaled_ppo_task_conditioned_latent_guidance_rollout/joystick/official_csv_loop_task_conditioned_latent_guidance_rollout_vs_reference.mp4,Isaac rendered MP4 gate,9.966667,1044x870,299,blocked/failed,indexed local video; inspect frames/thumbnails for qualitative judgment,H20 Vulkan/Kit rendering stack
isaac_mp4_need/results/res/visualization/official_importer_export_scaled_ppo_task_conditioned_latent_guidance_rollout/obstacle_avoidance/official_csv_loop_task_conditioned_latent_guidance_rollout_vs_reference.mp4,Isaac rendered MP4 gate,9.966667,1044x870,299,blocked/failed,indexed local video; inspect frames/thumbnails for qualitative judgment,H20 Vulkan/Kit rendering stack
isaac_mp4_need/results/res/visualization/official_importer_export_scaled_ppo_task_conditioned_latent_guidance_rollout/waypoint/official_csv_loop_task_conditioned_latent_guidance_rollout_vs_reference.mp4,Isaac rendered MP4 gate,9.966667,1044x870,299,blocked/failed,indexed local video; inspect frames/thumbnails for qualitative judgment,H20 Vulkan/Kit rendering stack
isaac_mp4_need/third_party/official/IsaacLab-v2.1.0/docs/source/_static/setup/cloudxr_bimanual_teleop.gif,Isaac rendered MP4 gate,,,,blocked/failed,indexed local video; inspect frames/thumbnails for qualitative judgment,H20 Vulkan/Kit rendering stack
isaac_mp4_need/third_party/official/IsaacLab-v2.1.0/docs/source/_static/tasks/manipulation/gr-1_pick_place.gif,Isaac rendered MP4 gate,,,,blocked/failed,indexed local video; inspect frames/thumbnails for qualitative judgment,H20 Vulkan/Kit rendering stack
mujoco_mp4/res/control_videos/denoised_latent_control/denoised_latent_control.mp4,unknown,15.000000,960x540,450,unknown,indexed local video; inspect frames/thumbnails for qualitative judgment,
mujoco_mp4/res/control_videos/guided_latent_control/guided_latent_control.mp4,unknown,15.000000,960x540,450,unknown,indexed local video; inspect frames/thumbnails for qualitative judgment,
mujoco_mp4/res/control_videos/guided_vs_unguided_control/guided_vs_unguided_control.mp4,unknown,15.000000,1920x540,450,unknown,indexed local video; inspect frames/thumbnails for qualitative judgment,
mujoco_mp4/res/control_videos/ppo_policy_control/ppo_policy_control.mp4,unknown,15.000000,960x540,450,unknown,indexed local video; inspect frames/thumbnails for qualitative judgment,
mujoco_mp4/res/control_videos/reference_control/reference_control.mp4,unknown,15.000000,960x540,450,unknown,indexed local video; inspect frames/thumbnails for qualitative judgment,
mujoco_mp4/res/control_videos/vae_base_control/vae_base_control.mp4,unknown,15.000000,960x540,450,unknown,indexed local video; inspect frames/thumbnails for qualitative judgment,
mujoco_mp4/res/g1_import/g1_mocap_29dof_egl_g1_import_smoke.mp4,unknown,4.000000,1280x720,120,unknown,indexed local video; inspect frames/thumbnails for qualitative judgment,
mujoco_mp4/res/reference_replay/walk1_subject1/reference_replay.mp4,unknown,9.966667,1280x720,299,unknown,indexed local video; inspect frames/thumbnails for qualitative judgment,
mujoco_mp4/res/rollout_videos/guided_latent/guided_latent.mp4,unknown,15.000000,960x540,450,unknown,indexed local video; inspect frames/thumbnails for qualitative judgment,
mujoco_mp4/res/rollout_videos/guided_vs_unguided/guided_vs_unguided.mp4,unknown,15.000000,1920x540,450,unknown,indexed local video; inspect frames/thumbnails for qualitative judgment,
mujoco_mp4/res/rollout_videos/ppo_policy/ppo_policy.mp4,unknown,15.000000,960x540,450,unknown,indexed local video; inspect frames/thumbnails for qualitative judgment,
mujoco_mp4/res/rollout_videos/vae_base/vae_base.mp4,unknown,15.000000,960x540,450,unknown,indexed local video; inspect frames/thumbnails for qualitative judgment,
mujoco_mp4/res/smoke/minimal_scene_egl.mp4,unknown,2.000000,960x540,60,unknown,indexed local video; inspect frames/thumbnails for qualitative judgment,
mujoco_mp4/res/smoke/minimal_scene_osmesa.mp4,unknown,2.000000,960x540,60,unknown,indexed local video; inspect frames/thumbnails for qualitative judgment,
official_mp4/videos/official_ablation_10ms_rosbag2_2025_10_22_03_36_03/official_ablation_10ms_rosbag2_2025_10_22_03_36_03_mujoco_mcap_joint_replay.mp4,official released-data MuJoCo state replay,15.000000,1280x720,450,visualization only,indexed local video; inspect frames/thumbnails for qualitative judgment,not policy closed-loop control
official_mp4/videos/official_ablation_2ms_rosbag2_2025_10_22_03_50_34/official_ablation_2ms_rosbag2_2025_10_22_03_50_34_mujoco_mcap_joint_replay.mp4,official released-data MuJoCo state replay,15.000000,1280x720,450,visualization only,indexed local video; inspect frames/thumbnails for qualitative judgment,not policy closed-loop control
official_mp4/videos/official_ablation_5ms_rosbag2_2025_10_22_03_41_01/official_ablation_5ms_rosbag2_2025_10_22_03_41_01_mujoco_mcap_joint_replay.mp4,official released-data MuJoCo state replay,15.000000,1280x720,450,visualization only,indexed local video; inspect frames/thumbnails for qualitative judgment,not policy closed-loop control
official_mp4/videos/official_ablation_arma0_1_rosbag2_2025_10_22_00_44_01/official_ablation_arma0_1_rosbag2_2025_10_22_00_44_01_mujoco_mcap_joint_replay.mp4,official released-data MuJoCo state replay,15.000000,1280x720,450,visualization only,indexed local video; inspect frames/thumbnails for qualitative judgment,not policy closed-loop control
official_mp4/videos/official_ablation_arma0_rosbag2_2025_10_22_00_29_58/official_ablation_arma0_rosbag2_2025_10_22_00_29_58_mujoco_mcap_joint_replay.mp4,official released-data MuJoCo state replay,15.000000,1280x720,450,visualization only,indexed local video; inspect frames/thumbnails for qualitative judgment,not policy closed-loop control
official_mp4/videos/official_ablation_arma10_rosbag2_2025_10_22_00_48_58/official_ablation_arma10_rosbag2_2025_10_22_00_48_58_mujoco_mcap_joint_replay.mp4,official released-data MuJoCo state replay,15.000000,1280x720,450,visualization only,indexed local video; inspect frames/thumbnails for qualitative judgment,not policy closed-loop control
official_mp4/videos/official_ablation_asapgain_rosbag2_2025_10_22_01_03_25/official_ablation_asapgain_rosbag2_2025_10_22_01_03_25_mujoco_mcap_joint_replay.mp4,official released-data MuJoCo state replay,15.000000,1280x720,450,visualization only,indexed local video; inspect frames/thumbnails for qualitative judgment,not policy closed-loop control
official_mp4/videos/official_ablation_axisangle_rosbag2_2025_10_22_01_24_25/official_ablation_axisangle_rosbag2_2025_10_22_01_24_25_mujoco_mcap_joint_replay.mp4,official released-data MuJoCo state replay,15.000000,1280x720,450,visualization only,indexed local video; inspect frames/thumbnails for qualitative judgment,not policy closed-loop control
official_mp4/videos/official_ablation_hist25_rosbag2_2025_10_22_07_06_58/official_ablation_hist25_rosbag2_2025_10_22_07_06_58_mujoco_mcap_joint_replay.mp4,official released-data MuJoCo state replay,15.000000,1280x720,450,visualization only,indexed local video; inspect frames/thumbnails for qualitative judgment,not policy closed-loop control
official_mp4/videos/official_ablation_hist4_rosbag2_2025_10_22_07_00_11/official_ablation_hist4_rosbag2_2025_10_22_07_00_11_mujoco_mcap_joint_replay.mp4,official released-data MuJoCo state replay,15.000000,1280x720,450,visualization only,indexed local video; inspect frames/thumbnails for qualitative judgment,not policy closed-loop control
official_mp4/videos/official_ablation_hist8_rosbag2_2025_10_22_07_03_51/official_ablation_hist8_rosbag2_2025_10_22_07_03_51_mujoco_mcap_joint_replay.mp4,official released-data MuJoCo state replay,15.000000,1280x720,450,visualization only,indexed local video; inspect frames/thumbnails for qualitative judgment,not policy closed-loop control
official_mp4/videos/official_ablation_origin_rosbag2_2025_10_22_01_35_46/official_ablation_origin_rosbag2_2025_10_22_01_35_46_mujoco_mcap_joint_replay.mp4,official released-data MuJoCo state replay,15.000000,1280x720,450,visualization only,indexed local video; inspect frames/thumbnails for qualitative judgment,not policy closed-loop control
official_mp4/videos/official_ablation_quat_rosbag2_2025_10_22_01_17_38/official_ablation_quat_rosbag2_2025_10_22_01_17_38_mujoco_mcap_joint_replay.mp4,official released-data MuJoCo state replay,15.000000,1280x720,450,visualization only,indexed local video; inspect frames/thumbnails for qualitative judgment,not policy closed-loop control
official_mp4/videos/official_ablation_wn25_rosbag2_2025_10_22_00_57_52/official_ablation_wn25_rosbag2_2025_10_22_00_57_52_mujoco_mcap_joint_replay.mp4,official released-data MuJoCo state replay,15.000000,1280x720,450,visualization only,indexed local video; inspect frames/thumbnails for qualitative judgment,not policy closed-loop control
official_mp4/videos/official_ablation_wn5_rosbag2_2025_10_22_00_54_05/official_ablation_wn5_rosbag2_2025_10_22_00_54_05_mujoco_mcap_joint_replay.mp4,official released-data MuJoCo state replay,15.000000,1280x720,450,visualization only,indexed local video; inspect frames/thumbnails for qualitative judgment,not policy closed-loop control
official_mp4/videos/official_agile_C1970_tkd_skill_clip1/official_agile_C1970_tkd_skill_clip1_mujoco_mcap_joint_replay.mp4,official released-data MuJoCo state replay,15.000000,1280x720,450,visualization only,indexed local video; inspect frames/thumbnails for qualitative judgment,not policy closed-loop control
official_mp4/videos/official_agile_C1975_side_flip/official_agile_C1975_side_flip_mujoco_mcap_joint_replay.mp4,official released-data MuJoCo state replay,15.000000,1280x720,450,visualization only,indexed local video; inspect frames/thumbnails for qualitative judgment,not policy closed-loop control
official_mp4/videos/official_agile_C1980_double_high_kick/official_agile_C1980_double_high_kick_mujoco_mcap_joint_replay.mp4,official released-data MuJoCo state replay,15.000000,1280x720,450,visualization only,indexed local video; inspect frames/thumbnails for qualitative judgment,not policy closed-loop control
official_mp4/videos/official_agile_C1985_merge2/official_agile_C1985_merge2_mujoco_mcap_joint_replay.mp4,official released-data MuJoCo state replay,15.000000,1280x720,450,visualization only,indexed local video; inspect frames/thumbnails for qualitative judgment,not policy closed-loop control
official_mp4/videos/official_run_rosbag2_2025_10_23_18_05_39/official_run_rosbag2_2025_10_23_18_05_39_mujoco_mcap_joint_replay.mp4,official released-data MuJoCo state replay,15.000000,1280x720,450,visualization only,indexed local video; inspect frames/thumbnails for qualitative judgment,not policy closed-loop control
official_mp4/videos/official_walk_rosbag2_2025_10_23_18_21_05/official_walk_rosbag2_2025_10_23_18_21_05_mujoco_mcap_joint_replay.mp4,official released-data MuJoCo state replay,15.000000,1280x720,450,visualization only,indexed local video; inspect frames/thumbnails for qualitative judgment,not policy closed-loop control
official_mp4/videos/official_zenodo_tkd_skill/official_zenodo_tkd_skill_mujoco_reference_replay.mp4,official released-data MuJoCo state replay,11.066667,1280x720,332,visualization only,indexed local video; inspect frames/thumbnails for qualitative judgment,not policy closed-loop control
other/reproduction/third_party/official/IsaacLab-v2.1.0/docs/source/_static/setup/cloudxr_bimanual_teleop.gif,unknown,,,,unknown,indexed local video; inspect frames/thumbnails for qualitative judgment,
other/reproduction/third_party/official/IsaacLab-v2.1.0/docs/source/_static/tasks/manipulation/gr-1_pick_place.gif,unknown,,,,unknown,indexed local video; inspect frames/thumbnails for qualitative judgment,
other/res/level_c/guidance_checkpoint_visualization/checkpoint_guidance_composed_preview.gif,unknown,,,,unknown,indexed local video; inspect frames/thumbnails for qualitative judgment,
other/res/level_c/guidance_debug_visualization/level_c_guidance_debug_visualization.gif,unknown,,,,unknown,indexed local video; inspect frames/thumbnails for qualitative judgment,
other/res/runs/level_c_resource_adjusted_tiny_diffusion_static_000_20260617_091500/videos/tiny_diffusion_test_debug_preview.gif,unknown,,,,unknown,indexed local video; inspect frames/thumbnails for qualitative judgment,
other/res/runs/level_c_resource_adjusted_tiny_diffusion_static_000_20260617_091500/videos/tiny_diffusion_validation_debug_preview.gif,unknown,,,,unknown,indexed local video; inspect frames/thumbnails for qualitative judgment,
reproduction/third_party/official/IsaacLab-v2.1.0/docs/source/_static/setup/cloudxr_bimanual_teleop.gif,unknown,,,,unknown,indexed local video; inspect frames/thumbnails for qualitative judgment,
reproduction/third_party/official/IsaacLab-v2.1.0/docs/source/_static/tasks/manipulation/gr-1_pick_place.gif,unknown,,,,unknown,indexed local video; inspect frames/thumbnails for qualitative judgment,
res/level_c/guidance_checkpoint_visualization/checkpoint_guidance_composed_preview.gif,unknown,,,,unknown,indexed local video; inspect frames/thumbnails for qualitative judgment,
res/level_c/guidance_debug_visualization/level_c_guidance_debug_visualization.gif,unknown,,,,unknown,indexed local video; inspect frames/thumbnails for qualitative judgment,
res/runs/level_c_resource_adjusted_tiny_diffusion_static_000_20260617_091500/videos/tiny_diffusion_test_debug_preview.gif,unknown,,,,unknown,indexed local video; inspect frames/thumbnails for qualitative judgment,
res/runs/level_c_resource_adjusted_tiny_diffusion_static_000_20260617_091500/videos/tiny_diffusion_validation_debug_preview.gif,unknown,,,,unknown,indexed local video; inspect frames/thumbnails for qualitative judgment,
res/visualization/lafan1_continuous_mujoco_action_control_videos/diffusion_denoised_latent_action_control/diffusion_denoised_latent_action_control.mp4,unknown,2.566667,960x540,77,unknown,indexed local video; inspect frames/thumbnails for qualitative judgment,
res/visualization/lafan1_continuous_mujoco_action_control_videos/guided_latent_action_control/guided_latent_action_control.mp4,unknown,2.566667,960x540,77,unknown,indexed local video; inspect frames/thumbnails for qualitative judgment,
res/visualization/lafan1_continuous_mujoco_action_control_videos/guided_vs_unguided_action_control/guided_vs_unguided_action_control.mp4,unknown,2.566667,1920x540,77,unknown,indexed local video; inspect frames/thumbnails for qualitative judgment,
res/visualization/lafan1_continuous_mujoco_action_control_videos/reference_action_control/reference_action_control.mp4,unknown,2.566667,960x540,77,unknown,indexed local video; inspect frames/thumbnails for qualitative judgment,
res/visualization/lafan1_continuous_mujoco_action_control_videos/teacher_policy_action_control/teacher_policy_action_control.mp4,unknown,2.566667,960x540,77,unknown,indexed local video; inspect frames/thumbnails for qualitative judgment,
res/visualization/lafan1_continuous_mujoco_action_control_videos/vae_reconstructed_action_control/vae_reconstructed_action_control.mp4,unknown,2.566667,960x540,77,unknown,indexed local video; inspect frames/thumbnails for qualitative judgment,
res/visualization/lafan1_paper_contract_videos/diffusion_denoised_latent_action_control/diffusion_denoised_latent_action_control.mp4,unknown,15.000000,960x540,450,unknown,indexed local video; inspect frames/thumbnails for qualitative judgment,
res/visualization/lafan1_paper_contract_videos/guided_latent_action_control/guided_latent_action_control.mp4,unknown,15.000000,960x540,450,unknown,indexed local video; inspect frames/thumbnails for qualitative judgment,
res/visualization/lafan1_paper_contract_videos/guided_vs_unguided_action_control/guided_vs_unguided_action_control.mp4,unknown,15.000000,1920x540,450,unknown,indexed local video; inspect frames/thumbnails for qualitative judgment,
res/visualization/lafan1_paper_contract_videos/reference_action_control/reference_action_control.mp4,unknown,15.000000,960x540,450,unknown,indexed local video; inspect frames/thumbnails for qualitative judgment,
res/visualization/lafan1_paper_contract_videos/reference_pose_replay/reference_pose_replay.mp4,unknown,15.000000,960x540,450,unknown,indexed local video; inspect frames/thumbnails for qualitative judgment,
res/visualization/lafan1_paper_contract_videos/teacher_policy_action_control/teacher_policy_action_control.mp4,unknown,15.000000,960x540,450,unknown,indexed local video; inspect frames/thumbnails for qualitative judgment,
res/visualization/lafan1_paper_contract_videos/vae_reconstructed_action_control/vae_reconstructed_action_control.mp4,unknown,15.000000,960x540,450,unknown,indexed local video; inspect frames/thumbnails for qualitative judgment,
res/visualization/official_csv_loop_action_guidance_rollout/official_csv_loop_action_guidance_rollout_vs_reference.mp4,unknown,9.966667,1044x870,299,unknown,indexed local video; inspect frames/thumbnails for qualitative judgment,
res/visualization/official_csv_loop_full_bundle_policy_rollout/official_csv_loop_policy_rollout_vs_reference.mp4,unknown,9.966667,1080x900,299,unknown,indexed local video; inspect frames/thumbnails for qualitative judgment,
res/visualization/official_csv_loop_full_bundle_receding_latent_guidance_rollout/official_csv_loop_receding_latent_guidance_rollout_vs_reference.mp4,unknown,9.966667,1044x870,299,unknown,indexed local video; inspect frames/thumbnails for qualitative judgment,
res/visualization/official_csv_loop_full_bundle_task_conditioned_latent_guidance_multiseed_rollout/seed_group_1/composed/official_csv_loop_task_conditioned_latent_guidance_rollout_vs_reference.mp4,unknown,9.966667,1044x870,299,unknown,indexed local video; inspect frames/thumbnails for qualitative judgment,
res/visualization/official_csv_loop_full_bundle_task_conditioned_latent_guidance_multiseed_rollout/seed_group_1/joystick/official_csv_loop_task_conditioned_latent_guidance_rollout_vs_reference.mp4,unknown,9.966667,1044x870,299,unknown,indexed local video; inspect frames/thumbnails for qualitative judgment,
res/visualization/official_csv_loop_full_bundle_task_conditioned_latent_guidance_multiseed_rollout/seed_group_1/obstacle_avoidance/official_csv_loop_task_conditioned_latent_guidance_rollout_vs_reference.mp4,unknown,9.966667,1044x870,299,unknown,indexed local video; inspect frames/thumbnails for qualitative judgment,
res/visualization/official_csv_loop_full_bundle_task_conditioned_latent_guidance_multiseed_rollout/seed_group_1/waypoint/official_csv_loop_task_conditioned_latent_guidance_rollout_vs_reference.mp4,unknown,9.966667,1044x870,299,unknown,indexed local video; inspect frames/thumbnails for qualitative judgment,
res/visualization/official_csv_loop_full_bundle_task_conditioned_latent_guidance_multiseed_rollout/seed_group_2/composed/official_csv_loop_task_conditioned_latent_guidance_rollout_vs_reference.mp4,unknown,9.966667,1044x870,299,unknown,indexed local video; inspect frames/thumbnails for qualitative judgment,
res/visualization/official_csv_loop_full_bundle_task_conditioned_latent_guidance_multiseed_rollout/seed_group_2/joystick/official_csv_loop_task_conditioned_latent_guidance_rollout_vs_reference.mp4,unknown,9.966667,1044x870,299,unknown,indexed local video; inspect frames/thumbnails for qualitative judgment,
res/visualization/official_csv_loop_full_bundle_task_conditioned_latent_guidance_multiseed_rollout/seed_group_2/obstacle_avoidance/official_csv_loop_task_conditioned_latent_guidance_rollout_vs_reference.mp4,unknown,9.966667,1044x870,299,unknown,indexed local video; inspect frames/thumbnails for qualitative judgment,
res/visualization/official_csv_loop_full_bundle_task_conditioned_latent_guidance_multiseed_rollout/seed_group_2/waypoint/official_csv_loop_task_conditioned_latent_guidance_rollout_vs_reference.mp4,unknown,9.966667,1044x870,299,unknown,indexed local video; inspect frames/thumbnails for qualitative judgment,
res/visualization/official_csv_loop_full_bundle_task_conditioned_latent_guidance_multiseed_rollout/seed_group_3/composed/official_csv_loop_task_conditioned_latent_guidance_rollout_vs_reference.mp4,unknown,9.966667,1044x870,299,unknown,indexed local video; inspect frames/thumbnails for qualitative judgment,
res/visualization/official_csv_loop_full_bundle_task_conditioned_latent_guidance_multiseed_rollout/seed_group_3/joystick/official_csv_loop_task_conditioned_latent_guidance_rollout_vs_reference.mp4,unknown,9.966667,1044x870,299,unknown,indexed local video; inspect frames/thumbnails for qualitative judgment,
res/visualization/official_csv_loop_full_bundle_task_conditioned_latent_guidance_multiseed_rollout/seed_group_3/obstacle_avoidance/official_csv_loop_task_conditioned_latent_guidance_rollout_vs_reference.mp4,unknown,9.966667,1044x870,299,unknown,indexed local video; inspect frames/thumbnails for qualitative judgment,
res/visualization/official_csv_loop_full_bundle_task_conditioned_latent_guidance_multiseed_rollout/seed_group_3/waypoint/official_csv_loop_task_conditioned_latent_guidance_rollout_vs_reference.mp4,unknown,9.966667,1044x870,299,unknown,indexed local video; inspect frames/thumbnails for qualitative judgment,
res/visualization/official_csv_loop_full_bundle_task_conditioned_latent_guidance_multiseed_rollout/seed_group_4/composed/official_csv_loop_task_conditioned_latent_guidance_rollout_vs_reference.mp4,unknown,9.966667,1044x870,299,unknown,indexed local video; inspect frames/thumbnails for qualitative judgment,
res/visualization/official_csv_loop_full_bundle_task_conditioned_latent_guidance_multiseed_rollout/seed_group_4/joystick/official_csv_loop_task_conditioned_latent_guidance_rollout_vs_reference.mp4,unknown,9.966667,1044x870,299,unknown,indexed local video; inspect frames/thumbnails for qualitative judgment,
res/visualization/official_csv_loop_full_bundle_task_conditioned_latent_guidance_multiseed_rollout/seed_group_4/obstacle_avoidance/official_csv_loop_task_conditioned_latent_guidance_rollout_vs_reference.mp4,unknown,9.966667,1044x870,299,unknown,indexed local video; inspect frames/thumbnails for qualitative judgment,
res/visualization/official_csv_loop_full_bundle_task_conditioned_latent_guidance_multiseed_rollout/seed_group_4/waypoint/official_csv_loop_task_conditioned_latent_guidance_rollout_vs_reference.mp4,unknown,9.966667,1044x870,299,unknown,indexed local video; inspect frames/thumbnails for qualitative judgment,
res/visualization/official_csv_loop_full_bundle_task_conditioned_latent_guidance_rollout/composed/official_csv_loop_task_conditioned_latent_guidance_rollout_vs_reference.mp4,unknown,9.966667,1044x870,299,unknown,indexed local video; inspect frames/thumbnails for qualitative judgment,
res/visualization/official_csv_loop_full_bundle_task_conditioned_latent_guidance_rollout/joystick/official_csv_loop_task_conditioned_latent_guidance_rollout_vs_reference.mp4,unknown,9.966667,1044x870,299,unknown,indexed local video; inspect frames/thumbnails for qualitative judgment,
res/visualization/official_csv_loop_full_bundle_task_conditioned_latent_guidance_rollout/obstacle_avoidance/official_csv_loop_task_conditioned_latent_guidance_rollout_vs_reference.mp4,unknown,9.966667,1044x870,299,unknown,indexed local video; inspect frames/thumbnails for qualitative judgment,
res/visualization/official_csv_loop_full_bundle_task_conditioned_latent_guidance_rollout/waypoint/official_csv_loop_task_conditioned_latent_guidance_rollout_vs_reference.mp4,unknown,9.966667,1044x870,299,unknown,indexed local video; inspect frames/thumbnails for qualitative judgment,
res/visualization/official_csv_loop_policy_rollout/official_csv_loop_policy_rollout_vs_reference.mp4,unknown,9.966667,1080x900,299,unknown,indexed local video; inspect frames/thumbnails for qualitative judgment,
res/visualization/official_csv_loop_receding_latent_guidance_rollout/official_csv_loop_receding_latent_guidance_rollout_vs_reference.mp4,unknown,9.966667,1044x870,299,unknown,indexed local video; inspect frames/thumbnails for qualitative judgment,
res/visualization/official_csv_loop_reference_replay/official_csv_loop_reference_replay_kinematic.mp4,unknown,9.966667,1080x900,299,unknown,indexed local video; inspect frames/thumbnails for qualitative judgment,
res/visualization/official_csv_loop_task_conditioned_latent_guidance_multiseed_rollout/seed_group_1/composed/official_csv_loop_task_conditioned_latent_guidance_rollout_vs_reference.mp4,unknown,9.966667,1044x870,299,unknown,indexed local video; inspect frames/thumbnails for qualitative judgment,
res/visualization/official_csv_loop_task_conditioned_latent_guidance_multiseed_rollout/seed_group_1/joystick/official_csv_loop_task_conditioned_latent_guidance_rollout_vs_reference.mp4,unknown,9.966667,1044x870,299,unknown,indexed local video; inspect frames/thumbnails for qualitative judgment,
res/visualization/official_csv_loop_task_conditioned_latent_guidance_multiseed_rollout/seed_group_1/obstacle_avoidance/official_csv_loop_task_conditioned_latent_guidance_rollout_vs_reference.mp4,unknown,9.966667,1044x870,299,unknown,indexed local video; inspect frames/thumbnails for qualitative judgment,
res/visualization/official_csv_loop_task_conditioned_latent_guidance_multiseed_rollout/seed_group_1/waypoint/official_csv_loop_task_conditioned_latent_guidance_rollout_vs_reference.mp4,unknown,9.966667,1044x870,299,unknown,indexed local video; inspect frames/thumbnails for qualitative judgment,
res/visualization/official_csv_loop_task_conditioned_latent_guidance_multiseed_rollout/seed_group_2/composed/official_csv_loop_task_conditioned_latent_guidance_rollout_vs_reference.mp4,unknown,9.966667,1044x870,299,unknown,indexed local video; inspect frames/thumbnails for qualitative judgment,
res/visualization/official_csv_loop_task_conditioned_latent_guidance_multiseed_rollout/seed_group_2/joystick/official_csv_loop_task_conditioned_latent_guidance_rollout_vs_reference.mp4,unknown,9.966667,1044x870,299,unknown,indexed local video; inspect frames/thumbnails for qualitative judgment,
res/visualization/official_csv_loop_task_conditioned_latent_guidance_multiseed_rollout/seed_group_2/obstacle_avoidance/official_csv_loop_task_conditioned_latent_guidance_rollout_vs_reference.mp4,unknown,9.966667,1044x870,299,unknown,indexed local video; inspect frames/thumbnails for qualitative judgment,
res/visualization/official_csv_loop_task_conditioned_latent_guidance_multiseed_rollout/seed_group_2/waypoint/official_csv_loop_task_conditioned_latent_guidance_rollout_vs_reference.mp4,unknown,9.966667,1044x870,299,unknown,indexed local video; inspect frames/thumbnails for qualitative judgment,
res/visualization/official_csv_loop_task_conditioned_latent_guidance_multiseed_rollout/single_task_gate_after_guard/joystick/official_csv_loop_task_conditioned_latent_guidance_rollout_vs_reference.mp4,unknown,9.966667,1044x870,299,unknown,indexed local video; inspect frames/thumbnails for qualitative judgment,
res/visualization/official_csv_loop_task_conditioned_latent_guidance_rollout/composed/official_csv_loop_task_conditioned_latent_guidance_rollout_vs_reference.mp4,unknown,9.966667,1044x870,299,unknown,indexed local video; inspect frames/thumbnails for qualitative judgment,
res/visualization/official_csv_loop_task_conditioned_latent_guidance_rollout/joystick/official_csv_loop_task_conditioned_latent_guidance_rollout_vs_reference.mp4,unknown,9.966667,1044x870,299,unknown,indexed local video; inspect frames/thumbnails for qualitative judgment,
res/visualization/official_csv_loop_task_conditioned_latent_guidance_rollout/obstacle_avoidance/official_csv_loop_task_conditioned_latent_guidance_rollout_vs_reference.mp4,unknown,9.966667,1044x870,299,unknown,indexed local video; inspect frames/thumbnails for qualitative judgment,
res/visualization/official_csv_loop_task_conditioned_latent_guidance_rollout/waypoint/official_csv_loop_task_conditioned_latent_guidance_rollout_vs_reference.mp4,unknown,9.966667,1044x870,299,unknown,indexed local video; inspect frames/thumbnails for qualitative judgment,
res/visualization/official_csv_loop_vae_closed_loop_rollout/official_csv_loop_vae_closed_loop_rollout_vs_reference.mp4,unknown,9.966667,1080x900,299,unknown,indexed local video; inspect frames/thumbnails for qualitative judgment,
res/visualization/official_importer_export_fk_repaired_robot_order_full_bundle_ppo_policy_rollout/official_importer_export_fk_repaired_robot_order_full_bundle_ppo_policy_rollout_vs_reference.mp4,unknown,9.966667,1080x900,299,unknown,indexed local video; inspect frames/thumbnails for qualitative judgment,
res/visualization/official_importer_export_full_bundle_inpainting_guidance_rollout/inpainting/official_csv_loop_task_conditioned_latent_guidance_rollout_vs_reference.mp4,unknown,9.966667,1044x870,299,unknown,indexed local video; inspect frames/thumbnails for qualitative judgment,
res/visualization/official_importer_export_full_bundle_scaled_ppo_policy_rollout/official_importer_export_full_bundle_scaled_ppo_policy_rollout_vs_reference.mp4,unknown,9.966667,1080x900,299,unknown,indexed local video; inspect frames/thumbnails for qualitative judgment,
res/visualization/official_importer_export_full_bundle_task_conditioned_latent_guidance_multiseed_rollout/seed_group_1/composed/official_csv_loop_task_conditioned_latent_guidance_rollout_vs_reference.mp4,unknown,9.966667,1044x870,299,unknown,indexed local video; inspect frames/thumbnails for qualitative judgment,
res/visualization/official_importer_export_full_bundle_task_conditioned_latent_guidance_multiseed_rollout/seed_group_1/joystick/official_csv_loop_task_conditioned_latent_guidance_rollout_vs_reference.mp4,unknown,9.966667,1044x870,299,unknown,indexed local video; inspect frames/thumbnails for qualitative judgment,
res/visualization/official_importer_export_full_bundle_task_conditioned_latent_guidance_multiseed_rollout/seed_group_1/obstacle_avoidance/official_csv_loop_task_conditioned_latent_guidance_rollout_vs_reference.mp4,unknown,9.966667,1044x870,299,unknown,indexed local video; inspect frames/thumbnails for qualitative judgment,
res/visualization/official_importer_export_full_bundle_task_conditioned_latent_guidance_multiseed_rollout/seed_group_1/waypoint/official_csv_loop_task_conditioned_latent_guidance_rollout_vs_reference.mp4,unknown,9.966667,1044x870,299,unknown,indexed local video; inspect frames/thumbnails for qualitative judgment,
res/visualization/official_importer_export_full_bundle_task_conditioned_latent_guidance_multiseed_rollout/seed_group_2/composed/official_csv_loop_task_conditioned_latent_guidance_rollout_vs_reference.mp4,unknown,9.966667,1044x870,299,unknown,indexed local video; inspect frames/thumbnails for qualitative judgment,
res/visualization/official_importer_export_full_bundle_task_conditioned_latent_guidance_multiseed_rollout/seed_group_2/joystick/official_csv_loop_task_conditioned_latent_guidance_rollout_vs_reference.mp4,unknown,9.966667,1044x870,299,unknown,indexed local video; inspect frames/thumbnails for qualitative judgment,
res/visualization/official_importer_export_full_bundle_task_conditioned_latent_guidance_multiseed_rollout/seed_group_2/obstacle_avoidance/official_csv_loop_task_conditioned_latent_guidance_rollout_vs_reference.mp4,unknown,9.966667,1044x870,299,unknown,indexed local video; inspect frames/thumbnails for qualitative judgment,
res/visualization/official_importer_export_full_bundle_task_conditioned_latent_guidance_multiseed_rollout/seed_group_2/waypoint/official_csv_loop_task_conditioned_latent_guidance_rollout_vs_reference.mp4,unknown,9.966667,1044x870,299,unknown,indexed local video; inspect frames/thumbnails for qualitative judgment,
res/visualization/official_importer_export_full_bundle_task_conditioned_latent_guidance_multiseed_rollout/seed_group_3/composed/official_csv_loop_task_conditioned_latent_guidance_rollout_vs_reference.mp4,unknown,9.966667,1044x870,299,unknown,indexed local video; inspect frames/thumbnails for qualitative judgment,
res/visualization/official_importer_export_full_bundle_task_conditioned_latent_guidance_multiseed_rollout/seed_group_3/joystick/official_csv_loop_task_conditioned_latent_guidance_rollout_vs_reference.mp4,unknown,9.966667,1044x870,299,unknown,indexed local video; inspect frames/thumbnails for qualitative judgment,
res/visualization/official_importer_export_full_bundle_task_conditioned_latent_guidance_multiseed_rollout/seed_group_3/obstacle_avoidance/official_csv_loop_task_conditioned_latent_guidance_rollout_vs_reference.mp4,unknown,9.966667,1044x870,299,unknown,indexed local video; inspect frames/thumbnails for qualitative judgment,
res/visualization/official_importer_export_full_bundle_task_conditioned_latent_guidance_multiseed_rollout/seed_group_3/waypoint/official_csv_loop_task_conditioned_latent_guidance_rollout_vs_reference.mp4,unknown,9.966667,1044x870,299,unknown,indexed local video; inspect frames/thumbnails for qualitative judgment,
res/visualization/official_importer_export_full_bundle_task_conditioned_latent_guidance_multiseed_rollout/seed_group_4/composed/official_csv_loop_task_conditioned_latent_guidance_rollout_vs_reference.mp4,unknown,9.966667,1044x870,299,unknown,indexed local video; inspect frames/thumbnails for qualitative judgment,
res/visualization/official_importer_export_full_bundle_task_conditioned_latent_guidance_multiseed_rollout/seed_group_4/joystick/official_csv_loop_task_conditioned_latent_guidance_rollout_vs_reference.mp4,unknown,9.966667,1044x870,299,unknown,indexed local video; inspect frames/thumbnails for qualitative judgment,
res/visualization/official_importer_export_full_bundle_task_conditioned_latent_guidance_multiseed_rollout/seed_group_4/obstacle_avoidance/official_csv_loop_task_conditioned_latent_guidance_rollout_vs_reference.mp4,unknown,9.966667,1044x870,299,unknown,indexed local video; inspect frames/thumbnails for qualitative judgment,
res/visualization/official_importer_export_full_bundle_task_conditioned_latent_guidance_multiseed_rollout/seed_group_4/waypoint/official_csv_loop_task_conditioned_latent_guidance_rollout_vs_reference.mp4,unknown,9.966667,1044x870,299,unknown,indexed local video; inspect frames/thumbnails for qualitative judgment,
res/visualization/official_importer_export_full_bundle_task_conditioned_latent_guidance_rollout/composed/official_csv_loop_task_conditioned_latent_guidance_rollout_vs_reference.mp4,unknown,9.966667,1044x870,299,unknown,indexed local video; inspect frames/thumbnails for qualitative judgment,
res/visualization/official_importer_export_full_bundle_task_conditioned_latent_guidance_rollout/joystick/official_csv_loop_task_conditioned_latent_guidance_rollout_vs_reference.mp4,unknown,9.966667,1044x870,299,unknown,indexed local video; inspect frames/thumbnails for qualitative judgment,
res/visualization/official_importer_export_full_bundle_task_conditioned_latent_guidance_rollout/obstacle_avoidance/official_csv_loop_task_conditioned_latent_guidance_rollout_vs_reference.mp4,unknown,9.966667,1044x870,299,unknown,indexed local video; inspect frames/thumbnails for qualitative judgment,
res/visualization/official_importer_export_full_bundle_task_conditioned_latent_guidance_rollout/waypoint/official_csv_loop_task_conditioned_latent_guidance_rollout_vs_reference.mp4,unknown,9.966667,1044x870,299,unknown,indexed local video; inspect frames/thumbnails for qualitative judgment,
res/visualization/official_importer_export_full_bundle_transition_guidance_rollout/transition/official_csv_loop_task_conditioned_latent_guidance_rollout_vs_reference.mp4,unknown,9.966667,1044x870,299,unknown,indexed local video; inspect frames/thumbnails for qualitative judgment,
res/visualization/official_importer_export_full_bundle_vae_closed_loop_rollout/official_importer_export_full_bundle_vae_closed_loop_rollout_vs_reference.mp4,unknown,9.966667,1080x900,299,unknown,indexed local video; inspect frames/thumbnails for qualitative judgment,
res/visualization/official_importer_export_full_dataset_reference_replay/official_importer_export_full_dataset_reference_replay_kinematic.mp4,unknown,9.966667,1080x900,299,unknown,indexed local video; inspect frames/thumbnails for qualitative judgment,
res/visualization/official_importer_export_scaled_ppo_task_conditioned_latent_guidance_multiseed_rollout/seed_group_1/composed/official_csv_loop_task_conditioned_latent_guidance_rollout_vs_reference.mp4,unknown,9.966667,1044x870,299,unknown,indexed local video; inspect frames/thumbnails for qualitative judgment,
res/visualization/official_importer_export_scaled_ppo_task_conditioned_latent_guidance_multiseed_rollout/seed_group_1/joystick/official_csv_loop_task_conditioned_latent_guidance_rollout_vs_reference.mp4,unknown,9.966667,1044x870,299,unknown,indexed local video; inspect frames/thumbnails for qualitative judgment,
res/visualization/official_importer_export_scaled_ppo_task_conditioned_latent_guidance_multiseed_rollout/seed_group_1/obstacle_avoidance/official_csv_loop_task_conditioned_latent_guidance_rollout_vs_reference.mp4,unknown,9.966667,1044x870,299,unknown,indexed local video; inspect frames/thumbnails for qualitative judgment,
res/visualization/official_importer_export_scaled_ppo_task_conditioned_latent_guidance_multiseed_rollout/seed_group_1/waypoint/official_csv_loop_task_conditioned_latent_guidance_rollout_vs_reference.mp4,unknown,9.966667,1044x870,299,unknown,indexed local video; inspect frames/thumbnails for qualitative judgment,
res/visualization/official_importer_export_scaled_ppo_task_conditioned_latent_guidance_multiseed_rollout/seed_group_2/composed/official_csv_loop_task_conditioned_latent_guidance_rollout_vs_reference.mp4,unknown,9.966667,1044x870,299,unknown,indexed local video; inspect frames/thumbnails for qualitative judgment,
res/visualization/official_importer_export_scaled_ppo_task_conditioned_latent_guidance_multiseed_rollout/seed_group_2/joystick/official_csv_loop_task_conditioned_latent_guidance_rollout_vs_reference.mp4,unknown,9.966667,1044x870,299,unknown,indexed local video; inspect frames/thumbnails for qualitative judgment,
res/visualization/official_importer_export_scaled_ppo_task_conditioned_latent_guidance_multiseed_rollout/seed_group_2/obstacle_avoidance/official_csv_loop_task_conditioned_latent_guidance_rollout_vs_reference.mp4,unknown,9.966667,1044x870,299,unknown,indexed local video; inspect frames/thumbnails for qualitative judgment,
res/visualization/official_importer_export_scaled_ppo_task_conditioned_latent_guidance_multiseed_rollout/seed_group_2/waypoint/official_csv_loop_task_conditioned_latent_guidance_rollout_vs_reference.mp4,unknown,9.966667,1044x870,299,unknown,indexed local video; inspect frames/thumbnails for qualitative judgment,
res/visualization/official_importer_export_scaled_ppo_task_conditioned_latent_guidance_multiseed_rollout/seed_group_3/composed/official_csv_loop_task_conditioned_latent_guidance_rollout_vs_reference.mp4,unknown,9.966667,1044x870,299,unknown,indexed local video; inspect frames/thumbnails for qualitative judgment,
res/visualization/official_importer_export_scaled_ppo_task_conditioned_latent_guidance_multiseed_rollout/seed_group_3/joystick/official_csv_loop_task_conditioned_latent_guidance_rollout_vs_reference.mp4,unknown,9.966667,1044x870,299,unknown,indexed local video; inspect frames/thumbnails for qualitative judgment,
res/visualization/official_importer_export_scaled_ppo_task_conditioned_latent_guidance_multiseed_rollout/seed_group_3/obstacle_avoidance/official_csv_loop_task_conditioned_latent_guidance_rollout_vs_reference.mp4,unknown,9.966667,1044x870,299,unknown,indexed local video; inspect frames/thumbnails for qualitative judgment,
res/visualization/official_importer_export_scaled_ppo_task_conditioned_latent_guidance_multiseed_rollout/seed_group_3/waypoint/official_csv_loop_task_conditioned_latent_guidance_rollout_vs_reference.mp4,unknown,9.966667,1044x870,299,unknown,indexed local video; inspect frames/thumbnails for qualitative judgment,
res/visualization/official_importer_export_scaled_ppo_task_conditioned_latent_guidance_multiseed_rollout/seed_group_4/composed/official_csv_loop_task_conditioned_latent_guidance_rollout_vs_reference.mp4,unknown,9.966667,1044x870,299,unknown,indexed local video; inspect frames/thumbnails for qualitative judgment,
res/visualization/official_importer_export_scaled_ppo_task_conditioned_latent_guidance_multiseed_rollout/seed_group_4/joystick/official_csv_loop_task_conditioned_latent_guidance_rollout_vs_reference.mp4,unknown,9.966667,1044x870,299,unknown,indexed local video; inspect frames/thumbnails for qualitative judgment,
res/visualization/official_importer_export_scaled_ppo_task_conditioned_latent_guidance_multiseed_rollout/seed_group_4/obstacle_avoidance/official_csv_loop_task_conditioned_latent_guidance_rollout_vs_reference.mp4,unknown,9.966667,1044x870,299,unknown,indexed local video; inspect frames/thumbnails for qualitative judgment,
res/visualization/official_importer_export_scaled_ppo_task_conditioned_latent_guidance_multiseed_rollout/seed_group_4/waypoint/official_csv_loop_task_conditioned_latent_guidance_rollout_vs_reference.mp4,unknown,9.966667,1044x870,299,unknown,indexed local video; inspect frames/thumbnails for qualitative judgment,
res/visualization/official_importer_export_scaled_ppo_task_conditioned_latent_guidance_rollout/composed/official_csv_loop_task_conditioned_latent_guidance_rollout_vs_reference.mp4,unknown,9.966667,1044x870,299,unknown,indexed local video; inspect frames/thumbnails for qualitative judgment,
res/visualization/official_importer_export_scaled_ppo_task_conditioned_latent_guidance_rollout/joystick/official_csv_loop_task_conditioned_latent_guidance_rollout_vs_reference.mp4,unknown,9.966667,1044x870,299,unknown,indexed local video; inspect frames/thumbnails for qualitative judgment,
res/visualization/official_importer_export_scaled_ppo_task_conditioned_latent_guidance_rollout/obstacle_avoidance/official_csv_loop_task_conditioned_latent_guidance_rollout_vs_reference.mp4,unknown,9.966667,1044x870,299,unknown,indexed local video; inspect frames/thumbnails for qualitative judgment,
res/visualization/official_importer_export_scaled_ppo_task_conditioned_latent_guidance_rollout/waypoint/official_csv_loop_task_conditioned_latent_guidance_rollout_vs_reference.mp4,unknown,9.966667,1044x870,299,unknown,indexed local video; inspect frames/thumbnails for qualitative judgment,
res/visualization/stage1_multisource_continuous_mujoco_action_control_videos/diffusion_denoised_latent_action_control/diffusion_denoised_latent_action_control.mp4,stage1 multi-source MuJoCo action-control diagnostic,9.933333,960x540,298,failure/diagnostic,indexed local video; inspect frames/thumbnails for qualitative judgment,weak teacher and sim-control mismatch; fall proxy high
res/visualization/stage1_multisource_continuous_mujoco_action_control_videos/guided_latent_action_control/guided_latent_action_control.mp4,stage1 multi-source MuJoCo action-control diagnostic,9.933333,960x540,298,failure/diagnostic,indexed local video; inspect frames/thumbnails for qualitative judgment,weak teacher and sim-control mismatch; fall proxy high
res/visualization/stage1_multisource_continuous_mujoco_action_control_videos/guided_vs_unguided_action_control/guided_vs_unguided_action_control.mp4,stage1 multi-source MuJoCo action-control diagnostic,9.933333,1920x540,298,failure/diagnostic,indexed local video; inspect frames/thumbnails for qualitative judgment,weak teacher and sim-control mismatch; fall proxy high
res/visualization/stage1_multisource_continuous_mujoco_action_control_videos/reference_action_control/reference_action_control.mp4,stage1 multi-source MuJoCo action-control diagnostic,9.933333,960x540,298,failure/diagnostic,indexed local video; inspect frames/thumbnails for qualitative judgment,weak teacher and sim-control mismatch; fall proxy high
res/visualization/stage1_multisource_continuous_mujoco_action_control_videos/teacher_policy_action_control/teacher_policy_action_control.mp4,stage1 multi-source MuJoCo action-control diagnostic,9.933333,960x540,298,failure/diagnostic,indexed local video; inspect frames/thumbnails for qualitative judgment,weak teacher and sim-control mismatch; fall proxy high
res/visualization/stage1_multisource_continuous_mujoco_action_control_videos/vae_reconstructed_action_control/vae_reconstructed_action_control.mp4,stage1 multi-source MuJoCo action-control diagnostic,9.933333,960x540,298,failure/diagnostic,indexed local video; inspect frames/thumbnails for qualitative judgment,weak teacher and sim-control mismatch; fall proxy high
